country;paged_country_id;vdem_country_id;cow_country_id;cab_id;cabname;electdate;date_in;date_out;cab_duration_days;form_duration;form_duration_alt;cab_num_parties;cab_coalition;cab_majority;cab_surplus;govtype;seats;pm_party;cab_seattotal;cab_seatshare;cab_party_1;cab_party_2;cab_party_3;cab_party_4;cab_party_5;cab_party_6;cab_party_7;cab_party_8;cab_party_9;cab_party_parlgov_id_1;cab_party_parlgov_id_2;cab_party_parlgov_id_3;cab_party_parlgov_id_4;cab_party_parlgov_id_5;cab_party_parlgov_id_6;cab_party_parlgov_id_7;cab_party_parlgov_id_8;cab_party_parlgov_id_9;cab_party_seats_1;cab_party_seats_2;cab_party_seats_3;cab_party_seats_4;cab_party_seats_5;cab_party_seats_6;cab_party_seats_7;cab_party_seats_8;cab_party_seats_9
Austria;1;144;305;1H1;Renner II;1919-02-16;1919-03-15;1919-10-17;216;27;27;2;1;1;0;3;170;SPO;141;0.8294117647058824;SPO;OVP;;;;;;;;973;1013;;;;;;;;72;69;;;;;;;
Austria;1;144;305;1H2;Renner III;1919-02-16;1919-10-17;1920-06-11;238;0;0;2;1;1;0;3;170;SPO;141;0.8294117647058824;SPO;OVP;;;;;;;;973;1013;;;;;;;;72;69;;;;;;;
Austria;1;144;305;1H3;Mayr I;1919-02-16;1920-07-07;1920-10-17;102;26;26;3;1;1;1;4;170;OVP;141;0.8294117647058824;SPO;OVP;GDVP;;;;;;;973;1013;2674;;;;;;;72;69;0;;;;;;
Austria;1;144;305;1H4;Mayr II;1920-10-17;1920-11-20;1921-06-01;193;34;34;1;0;0;0;1;183;OVP;85;0.4644808743169399;OVP;;;;;;;;;1013;;;;;;;;;85;;;;;;;;
Austria;1;144;305;1H5;Schober I;1920-10-17;1921-06-21;1922-01-26;219;20;20;3;1;1;0;3;183;none;106;0.5792349726775956;OVP;GDVP;;;;;;;;1013;2674;;;;;;;;85;21;;;;;;;
Austria;1;144;305;1H6;Schober II;1920-10-17;1922-01-27;1922-05-30;123;1;1;2;0;0;0;1;183;none;85;0.4644808743169399;OVP;;;;;;;;;1013;;;;;;;;;85;;;;;;;;
Austria;1;144;305;1H7;Seipel I;1920-10-17;1922-05-31;1923-10-21;508;1;1;2;1;1;0;3;183;OVP;106;0.5792349726775956;OVP;GDVP;;;;;;;;1013;2674;;;;;;;;85;21;;;;;;;
Austria;1;144;305;1H8;Seipel II;1923-10-21;1923-10-21;1924-11-08;384;0;0;2;1;1;0;3;183;OVP;106;0.5792349726775956;OVP;GDVP;;;;;;;;1013;2674;;;;;;;;85;21;;;;;;;
Austria;1;144;305;1H9;Ramek I;1923-10-21;1924-11-20;1926-01-15;421;12;12;2;1;1;0;3;165;OVP;92;0.5575757575757576;OVP;GDVP;;;;;;;;1013;2674;;;;;;;;82;10;;;;;;;
Austria;1;144;305;1H10;Ramek II;1923-10-21;1926-01-15;1926-10-15;273;0;0;2;1;1;0;3;165;OVP;92;0.5575757575757576;OVP;GDVP;;;;;;;;1013;2674;;;;;;;;82;10;;;;;;;
Austria;1;144;305;1H11;Seipel III;1923-10-21;1926-10-20;1927-04-24;186;5;5;3;1;1;1;4;165;OVP;97;0.5878787878787879;OVP;GDVP;L;;;;;;;1013;2674;2681;;;;;;;82;10;5;;;;;;
Austria;1;144;305;1H12;Seipel IV;1927-04-24;1927-05-19;1929-04-03;685;25;25;3;1;1;1;4;165;OVP;94;0.5696969696969697;OVP;GDVP;L;;;;;;;1013;2674;2681;;;;;;;73;12;9;;;;;;
Austria;1;144;305;1H13;Streeruwitz;1927-04-24;1929-05-04;1929-09-25;144;31;31;3;1;1;1;4;165;OVP;94;0.5696969696969697;OVP;GDVP;L;;;;;;;1013;2674;2681;;;;;;;73;12;9;;;;;;
Austria;1;144;305;1H14;Schober III;1927-04-24;1929-09-26;1930-09-25;364;1;1;4;1;1;1;4;165;none;94;0.5696969696969697;OVP;GDVP;L;;;;;;;1013;2674;2681;;;;;;;73;12;9;;;;;;
Austria;1;144;305;1H15;Vaugoin;1930-09-30;1930-09-30;1930-11-09;40;5;0;1;0;0;0;1;165;OVP;73;0.4424242424242424;OVP;;;;;;;;;1013;;;;;;;;;73;;;;;;;;
Austria;1;144;305;1H16;Ender;1930-12-04;1930-12-04;1931-06-16;194;25;0;3;1;1;0;3;165;OVP;85;0.5151515151515151;OVP;GDVP;L;;;;;;;1013;2674;2681;;;;;;;66;10;9;;;;;;
Austria;1;144;305;1H17;Buresch I;1931-06-20;1931-06-20;1932-01-27;221;4;0;3;1;1;0;3;165;OVP;85;0.5151515151515151;OVP;GDVP;L;;;;;;;1013;2674;2681;;;;;;;66;10;9;;;;;;
Austria;1;144;305;1H18;Buresch II;1932-01-29;1932-01-29;1932-05-06;98;2;0;3;1;1;0;3;165;OVP;85;0.5151515151515151;OVP;GDVP;L;;;;;;;1013;2674;2681;;;;;;;66;10;9;;;;;;
Austria;1;144;305;1H19;Dollfuß;1932-05-20;1932-05-20;1933-03-15;299;14;0;3;1;1;0;3;165;OVP;83;0.503030303030303;OVP;L;HB;;;;;;;1013;2681;2685;;;;;;;66;9;8;;;;;;
Austria;1;144;305;1H20;Figl I;1945-11-25;1945-12-20;1947-11-20;700;25;25;3;1;1;1;4;165;OVP;165;1;OVP;SPO;KPO;;;;;;;1013;973;769;;;;;;;85;76;4;;;;;;
Belgium;2;148;211;2H1;Delacroix II;1919-11-16;1919-12-02;1920-11-03;337;16;16;3;1;1;1;4;186;KP-PC;177;0.9516129032258065;KP-PC;BWP-POB;LP-PL;;;;;;;2423;2422;63;;;;;;;73;70;34;;;;;;
Belgium;2;148;211;2H2;Carton de Wiart;1919-11-16;1920-11-20;1921-11-20;365;17;17;3;1;1;1;4;186;KP-PC;177;0.9516129032258065;KP-PC;BWP-POB;LP-PL;;;;;;;2423;2422;63;;;;;;;73;70;34;;;;;;
Belgium;2;148;211;2H3;Theunis I;1921-11-20;1921-12-16;1924-03-11;816;26;26;2;1;1;0;3;186;KP-PC;109;0.5860215053763441;KP-PC;LP-PL;;;;;;;;2423;63;;;;;;;;76;33;;;;;;;
Belgium;2;148;211;2H4;Theunis II;1921-11-20;1924-03-11;1925-04-05;390;0;0;2;1;1;0;3;186;KP-PC;109;0.5860215053763441;KP-PC;LP-PL;;;;;;;;2423;63;;;;;;;;76;33;;;;;;;
Belgium;2;148;211;2H5;Van de Vyvere;1925-04-05;1925-05-13;1925-05-22;9;38;38;1;0;0;0;1;186;KP-PC;76;0.4086021505376344;KP-PC;;;;;;;;;2423;;;;;;;;;76;;;;;;;;
Belgium;2;148;211;2H6;Poullet;1925-04-05;1925-06-17;1926-05-19;336;26;26;2;1;1;0;3;187;KP-PC;153;0.8181818181818182;BWP-POB;KP-PC;;;;;;;;2422;2423;;;;;;;;78;75;;;;;;;
Belgium;2;148;211;2H7;Jaspar;1925-08-05;1926-05-20;1927-11-21;550;1;1;3;1;1;1;4;187;KP-PC;176;0.9411764705882353;BWP-POB;KP-PC;LP-PL;;;;;;;2422;2423;63;;;;;;;78;75;23;;;;;;
Belgium;2;148;211;2H8;Jaspar II;1925-08-05;1927-11-22;1929-05-26;551;1;1;2;1;1;0;3;187;KP-PC;98;0.5240641711229946;KP-PC;LP-PL;;;;;;;;2423;63;;;;;;;;75;23;;;;;;;
Belgium;2;148;211;2H9;Jaspar III;1929-05-26;1929-05-26;1931-06-06;741;0;0;2;1;1;0;3;187;KP-PC;99;0.5294117647058824;KP-PC;LP-PL;;;;;;;;2423;63;;;;;;;;71;28;;;;;;;
Belgium;2;148;211;2H10;Renkin;1929-05-26;1931-06-06;1932-10-18;500;0;0;2;1;1;0;3;187;KP-PC;99;0.5294117647058824;KP-PC;LP-PL;;;;;;;;2423;63;;;;;;;;71;28;;;;;;;
Belgium;2;148;211;2H11;De Broquevile IV;1929-05-26;1932-10-22;1932-11-27;36;4;4;2;1;1;0;3;187;KP-PC;99;0.5294117647058824;KP-PC;LP-PL;;;;;;;;2423;63;;;;;;;;71;28;;;;;;;
Belgium;2;148;211;2H12;De Broquevile V;1932-11-27;1932-12-17;1934-11-20;703;20;20;2;1;1;0;3;187;KP-PC;103;0.5508021390374331;KP-PC;LP-PL;;;;;;;;2423;63;;;;;;;;79;24;;;;;;;
Belgium;2;148;211;2H13;Theunis IV;1932-11-27;1934-11-20;1935-03-19;119;0;0;2;1;1;0;3;187;KP-PC;103;0.5508021390374331;KP-PC;LP-PL;;;;;;;;2423;63;;;;;;;;79;24;;;;;;;
Belgium;2;148;211;2H14;Van Zeeland I;1932-11-27;1935-03-25;1936-05-24;426;6;6;3;1;1;1;4;187;KP-PC;176;0.9411764705882353;KP-PC;BWP-POB;LP-PL;;;;;;;2423;2422;63;;;;;;;79;73;24;;;;;;
Belgium;2;148;211;2H15;Van Zeeland II;1936-05-24;1936-06-13;1937-10-25;499;20;20;3;1;1;1;4;202;KP-PC;154;0.7623762376237624;BWP-POB;KP-PC;LP-PL;;;;;;;2422;2423;63;;;;;;;70;61;23;;;;;;
Belgium;2;148;211;2H16;Janson;1936-05-24;1937-11-24;1938-05-13;170;30;30;3;1;1;1;4;202;LP-PL;154;0.7623762376237624;BWP-POB;KP-PC;LP-PL;;;;;;;2422;2423;63;;;;;;;70;61;23;;;;;;
Belgium;2;148;211;2H17;Spaak I;1936-05-24;1938-05-15;1939-02-21;282;2;2;3;1;1;1;4;202;BWP-POB;154;0.7623762376237624;BWP-POB;KP-PC;LP-PL;;;;;;;2422;2423;63;;;;;;;70;61;23;;;;;;
Belgium;2;148;211;2H18;Pierlot I;1936-05-24;1939-02-22;1939-02-27;5;1;1;2;1;1;0;3;202;KP-PC;131;0.6485148514851485;BWP-POB;KP-PC;;;;;;;;2422;2423;;;;;;;;70;61;;;;;;;
Belgium;2;148;211;2H19;Pierlot II;1939-04-02;1939-04-16;1939-09-03;140;48;14;2;1;0;0;1;202;KP-PC;100;0.495049504950495;KP-PC;LP-PL;;;;;;;;2423;63;;;;;;;;67;33;;;;;;;
Belgium;2;148;211;2H20;Pierlot III;1939-04-02;1939-09-03;1940-05-10;250;0;0;3;1;1;1;4;202;KP-PC;164;0.8118811881188119;KP-PC;BWP-POB;LP-PL;;;;;;;2423;2422;63;;;;;;;67;64;33;;;;;;
Belgium;2;148;211;2H21;Pierlot IV;1939-04-02;1944-09-26;1944-11-16;51;;;4;1;0;0;1;202;PSC-CVP;42;0.2079207920792079;LP-PL;KPB-PCB;BSP-PSB;PSC-CVP;;;;;;63;708;167;1051;;;;;;33;9;0;0;;;;;
Belgium;2;148;211;2H22;Pierlot V;1939-04-02;1944-12-12;1945-02-12;62;26;26;3;1;0;0;1;202;PSC-CVP;33;0.1633663366336634;LP-PL;BSP-PSB;PSC-CVP;;;;;;;63;167;1051;;;;;;;33;0;0;;;;;;
Belgium;2;148;211;2H23;Van Acker I;1939-04-02;1945-02-12;1945-07-17;155;0;0;4;1;0;0;1;202;BSP-PSB;42;0.2079207920792079;LP-PL;KPB-PCB;BSP-PSB;PSC-CVP;;;;;;63;708;167;1051;;;;;;33;9;0;0;;;;;
Belgium;2;148;211;2H24;Van Acker II;1939-04-02;1945-08-02;1946-02-18;200;16;16;3;1;0;0;1;202;BSP-PSB;42;0.2079207920792079;LP-PL;KPB-PCB;BSP-PSB;;;;;;;63;708;167;;;;;;;33;9;0;;;;;;
Germany;6;77;255;6H1;Scheidemann;1919-01-19;1919-02-13;1919-06-20;127;25;25;3;1;1;1;4;423;SPD;312;0.7375886524822695;SPD;DDP;DZ;;;;;;;558;2691;137;;;;;;;165;74;73;;;;;;
Germany;6;77;255;6H2;Bauer I;1919-01-19;1919-06-21;1919-10-03;104;1;1;3;1;1;1;4;423;SPD;254;0.6004728132387707;SPD;DZ;BVP;;;;;;;558;137;2697;;;;;;;165;73;16;;;;;;
Germany;6;77;255;6H3;Bauer II;1919-01-19;1919-10-03;1920-03-27;176;0;0;4;1;1;1;4;423;SPD;328;0.7754137115839244;SPD;DDP;DZ;BVP;;;;;;558;2691;137;2697;;;;;;165;74;73;16;;;;;
Germany;6;77;255;6H4;Müller I;1919-01-19;1920-03-27;1920-06-06;71;0;0;3;1;1;1;4;423;SPD;312;0.7375886524822695;SPD;DDP;DZ;;;;;;;558;2691;137;;;;;;;165;74;73;;;;;;
Germany;6;77;255;6H5;Fehrenbach;1920-06-06;1920-06-25;1921-05-04;313;19;19;3;1;0;0;1;466;DZ;173;0.3712446351931331;DZ;DVP;DDP;;;;;;;137;2693;2691;;;;;;;67;62;44;;;;;;
Germany;6;77;255;6H6;Wirth I;1920-06-06;1921-05-10;1921-10-22;165;6;6;3;1;0;0;1;466;DZ;218;0.4678111587982833;SPD;DZ;DDP;;;;;;;558;137;2691;;;;;;;108;70;40;;;;;;
Germany;6;77;255;6H7;Wirth II;1920-06-06;1921-10-26;1922-11-14;384;4;4;2;1;0;0;1;466;DZ;178;0.3819742489270386;SPD;DZ;;;;;;;;558;137;;;;;;;;108;70;;;;;;;
Germany;6;77;255;6H8;Cuno;1920-06-06;1922-11-22;1923-08-12;263;8;8;5;1;0;0;1;466;none;193;0.4141630901287554;DZ;DVP;DDP;BVP;;;;;;137;2693;2691;2697;;;;;;68;66;39;20;;;;;
Germany;6;77;255;6H9;Stresemann I;1920-06-06;1923-08-13;1923-10-03;51;1;1;4;1;1;1;4;466;DVP;346;0.7424892703862661;SPD;DZ;DVP;DDP;;;;;;558;137;2693;2691;;;;;;173;68;66;39;;;;;
Germany;6;77;255;6H10;Stresemann II;1920-06-06;1923-10-06;1923-11-23;48;3;3;3;1;0;0;1;466;DVP;173;0.3712446351931331;DZ;DVP;DDP;;;;;;;137;2693;2691;;;;;;;68;66;39;;;;;;
Germany;6;77;255;6H11;Marx I;1920-06-06;1923-11-30;1924-05-04;156;7;7;4;1;0;0;1;466;DZ;193;0.4141630901287554;DZ;DVP;DDP;BVP;;;;;;137;2693;2691;2697;;;;;;68;66;39;20;;;;;
Germany;6;77;255;6H12;Marx II;1924-05-04;1924-05-04;1924-05-26;22;0;0;3;1;0;0;1;466;DZ;173;0.3712446351931331;DZ;DVP;DDP;;;;;;;137;2693;2691;;;;;;;68;66;39;;;;;;
Germany;6;77;255;6H13;Marx III;1924-05-04;1924-05-27;1924-12-07;194;1;1;3;1;0;0;1;472;DZ;138;0.2923728813559322;DZ;DVP;DDP;;;;;;;137;2693;2691;;;;;;;65;45;28;;;;;;
Germany;6;77;255;6H14;Luther I;1924-12-07;1925-01-15;1925-10-26;284;39;39;5;1;0;0;1;493;none;242;0.4908722109533469;DNVP;DZ;DVP;BVP;;;;;;2692;137;2693;2697;;;;;;103;69;51;19;;;;;
Germany;6;77;255;6H15;Luther II;1924-12-07;1925-10-26;1925-12-05;40;0;0;4;1;0;0;1;493;none;139;0.281947261663286;DZ;DVP;BVP;;;;;;;137;2693;2697;;;;;;;69;51;19;;;;;;
Germany;6;77;255;6H16;Luther III;1924-12-07;1926-01-20;1926-05-13;113;46;46;5;1;0;0;1;493;none;171;0.3468559837728195;DZ;DVP;DDP;BVP;;;;;;137;2693;2691;2697;;;;;;69;51;32;19;;;;;
Germany;6;77;255;6H17;Marx IV;1924-12-07;1926-05-17;1927-02-01;260;4;4;4;1;0;0;1;493;DZ;171;0.3468559837728195;DZ;DVP;DDP;BVP;;;;;;137;2693;2691;2697;;;;;;69;51;32;19;;;;;
Germany;6;77;255;6H18;Marx V;1924-12-07;1927-02-01;1928-05-20;474;0;0;4;1;0;0;1;493;DZ;242;0.4908722109533469;DNVP;DZ;DVP;BVP;;;;;;2692;137;2693;2697;;;;;;103;69;51;19;;;;;
Germany;6;77;255;6H19;Müller II;1928-05-20;1928-06-28;1930-03-27;637;39;39;5;1;1;1;4;491;SPD;301;0.6130346232179226;SPD;DZ;DVP;DDP;BVP;;;;;558;137;2693;2691;2697;;;;;153;61;45;25;17;;;;
Germany;6;77;255;6H20;Brüning I;1928-05-20;1930-03-30;1930-09-14;168;3;3;6;1;0;0;1;491;DZ;192;0.3910386965376782;DZ;DVP;DDP;WP;CNAG;BVP;;;;137;2693;2691;2698;2713;2697;;;;61;45;25;23;21;17;;;
Germany;6;77;255;6H21;Brüning II;1930-09-14;1930-09-14;1931-10-09;390;0;0;7;1;0;0;1;577;DZ;193;0.3344887348353553;DZ;DVP;WP;DDP;BVP;CNBL;CSVD;;;137;2693;2698;2691;2697;2709;2700;;;68;30;23;20;19;19;14;;
Germany;6;77;255;6H22;Brüning III;1930-09-14;1931-10-10;1932-05-30;233;1;1;6;1;0;0;1;577;DZ;170;0.2946273830155979;DZ;DVP;DDP;BVP;CNBL;CSVD;;;;137;2693;2691;2697;2709;2700;;;;68;30;20;19;19;14;;;
Germany;6;77;255;6H23;Papen I;1930-09-14;1932-06-02;1932-07-31;59;3;3;2;0;0;0;1;577;none;41;0.07105719237435008;DNVP;;;;;;;;;2692;;;;;;;;;41;;;;;;;;
Germany;6;77;255;6H24;Papen II;1932-07-31;1932-07-31;1932-11-06;98;0;0;2;0;0;0;1;608;none;37;0.06085526315789474;DNVP;;;;;;;;;2692;;;;;;;;;37;;;;;;;;
Germany;6;77;255;6H25;Schleicher;1932-07-31;1932-12-03;1933-01-28;56;27;27;3;1;0;0;1;584;none;51;0.08732876712328767;DNVP;CNBL;;;;;;;;2692;2709;;;;;;;;51;0;;;;;;;
Germany;6;77;255;6H26;Hitler;1932-07-31;1933-01-30;1933-03-05;34;2;2;2;1;0;0;1;584;NSDAP;247;0.4229452054794521;NSDAP;DNVP;;;;;;;;2695;2692;;;;;;;;196;51;;;;;;;
Denmark;3;158;390;3H1;Liebe;1918-04-22;1920-03-30;1920-04-05;6;0;0;1;0;0;0;5;139;none;0;0;;;;;;;;;;;;;;;;;;;;;;;;;;;
Denmark;3;158;390;3H2;Friis;1918-04-22;1920-04-05;1920-04-26;21;0;0;1;0;0;0;5;139;none;0;0;;;;;;;;;;;;;;;;;;;;;;;;;;;
Denmark;3;158;390;3H3;Neergaard II;1920-04-26;1920-05-05;1920-07-06;62;9;9;1;0;0;0;1;139;V;48;0.3453237410071943;V;;;;;;;;;1605;;;;;;;;;48;;;;;;;;
Denmark;3;158;390;3H4;Neergaard III;1920-07-06;1920-07-06;1920-09-21;77;0;0;1;0;0;0;1;139;V;51;0.3669064748201439;V;;;;;;;;;1605;;;;;;;;;51;;;;;;;;
Denmark;3;158;390;3H5;Neergaard IV;1920-09-21;1920-09-21;1922-10-09;748;0;0;1;0;0;0;1;148;V;51;0.3445945945945946;V;;;;;;;;;1605;;;;;;;;;51;;;;;;;;
Denmark;3;158;390;3H6;Neergaard V;1920-09-21;1922-10-09;1924-04-11;550;0;0;1;0;0;0;1;148;V;51;0.3445945945945946;V;;;;;;;;;1605;;;;;;;;;51;;;;;;;;
Denmark;3;158;390;3H7;Stauning I;1924-04-11;1924-04-23;1926-12-02;953;12;12;1;0;0;0;1;148;Sd;55;0.3716216216216216;Sd;;;;;;;;;1629;;;;;;;;;55;;;;;;;;
Denmark;3;158;390;3H8;Madsen-Mygdal;1926-12-02;1926-12-14;1929-04-24;862;12;12;1;0;0;0;1;148;V;46;0.3108108108108108;V;;;;;;;;;1605;;;;;;;;;46;;;;;;;;
Denmark;3;158;390;3H9;Stauning II;1929-04-24;1929-04-30;1932-11-16;1296;6;6;2;1;1;0;3;148;Sd;77;0.5202702702702703;Sd;RV;;;;;;;;1629;211;;;;;;;;61;16;;;;;;;
Denmark;3;158;390;3H10;Stauning III;1932-11-16;1932-11-16;1935-10-22;1070;0;0;2;1;1;0;3;148;Sd;76;0.5135135135135135;Sd;RV;;;;;;;;1629;211;;;;;;;;62;14;;;;;;;
Denmark;3;158;390;3H11;Stauning IV;1935-10-22;1935-11-04;1939-04-03;1246;13;13;2;1;1;0;3;148;Sd;82;0.5540540540540541;Sd;RV;;;;;;;;1629;211;;;;;;;;68;14;;;;;;;
Denmark;3;158;390;3H12;Stauning V;1939-04-03;1939-04-03;1940-04-10;373;0;0;2;1;1;0;3;148;Sd;78;0.527027027027027;Sd;RV;;;;;;;;1629;211;;;;;;;;64;14;;;;;;;
Denmark;3;158;390;3H13;Buhl I;1943-03-23;1945-05-05;1945-10-30;178;;;6;1;1;1;4;148;Sd;141;0.9527027027027027;Sd;KF;V;RV;DS;DKP;;;;1629;590;1605;211;412;1239;;;;66;31;28;13;3;0;;;
Denmark;3;158;390;3H14;Kristensen;1945-11-07;1945-11-07;1947-10-28;720;8;0;1;0;0;0;1;149;V;38;0.2550335570469799;V;;;;;;;;;1605;;;;;;;;;38;;;;;;;;
Finland;4;163;375;4H1;Castren;1919-03-03;1919-04-17;1919-08-15;120;45;45;3;1;0;0;1;200;KE|SLK;90;0.45;KESK;KE|SLK;RKP-SFP;;;;;;;94;1219;585;;;;;;;42;26;22;;;;;;
Finland;4;163;375;4H2;Vennola I;1919-03-03;1919-08-15;1920-03-15;213;0;0;2;1;0;0;1;200;KE|SLK;68;0.34;KESK;KE|SLK;;;;;;;;94;1219;;;;;;;;42;26;;;;;;;
Finland;4;163;375;4H3;Erich;1919-03-03;1920-03-15;1921-04-09;390;0;0;4;1;1;0;3;200;KOK;118;0.59;KESK;KOK;KE|SLK;RKP-SFP;;;;;;94;1118;1219;585;;;;;;42;28;26;22;;;;;
Finland;4;163;375;4H4;Vennola II;1919-03-03;1921-04-09;1922-06-02;419;0;0;2;1;0;0;1;200;KE|SLK;68;0.34;KESK;KE|SLK;;;;;;;;94;1219;;;;;;;;42;26;;;;;;;
Finland;4;163;375;4H5;Cajander I;1919-03-03;1922-06-02;1922-07-03;31;0;0;1;0;0;0;5;200;none;0;0;;;;;;;;;;;;;;;;;;;;;;;;;;;
Finland;4;163;375;4H6;Cajander II;1922-07-03;1922-07-03;1922-11-14;134;0;0;2;1;0;0;1;200;KESK;60;0.3;KESK;KE|SLK;;;;;;;;94;1219;;;;;;;;45;15;;;;;;;
Finland;4;163;375;4H7;Kallio I;1922-07-03;1922-11-14;1924-01-18;430;0;0;2;1;0;0;1;200;KESK;60;0.3;KESK;KE|SLK;;;;;;;;94;1219;;;;;;;;45;15;;;;;;;
Finland;4;163;375;4H8;Cajander III;1922-07-03;1924-01-18;1924-04-02;75;0;0;1;0;0;0;5;200;none;0;0;;;;;;;;;;;;;;;;;;;;;;;;;;;
Finland;4;163;375;4H9;Ingman II;1924-04-02;1924-05-31;1925-03-31;304;59;59;4;1;1;1;4;200;KOK;122;0.61;KESK;KOK;RKP-SFP;KE|SLK;;;;;;94;1118;585;1219;;;;;;44;38;23;17;;;;;
Finland;4;163;375;4H10;Tulenheimo;1924-04-02;1925-03-31;1925-12-31;275;0;0;2;1;0;0;1;200;KOK;82;0.41;KESK;KOK;;;;;;;;94;1118;;;;;;;;44;38;;;;;;;
Finland;4;163;375;4H11;Kallio II;1924-04-02;1925-12-31;1926-12-13;347;0;0;2;1;0;0;1;200;KESK;82;0.41;KESK;KOK;;;;;;;;94;1118;;;;;;;;44;38;;;;;;;
Finland;4;163;375;4H12;Tanner;1924-04-02;1926-12-13;1927-07-02;201;0;0;1;0;0;0;1;200;SSDP;60;0.3;SSDP;;;;;;;;;395;;;;;;;;;60;;;;;;;;
Finland;4;163;375;4H13;Tanner II;1927-07-02;1927-07-02;1927-12-17;168;0;0;1;0;0;0;1;200;SSDP;60;0.3;SSDP;;;;;;;;;395;;;;;;;;;60;;;;;;;;
Finland;4;163;375;4H14;Sunila I;1927-07-02;1927-12-17;1928-12-22;371;0;0;1;0;0;0;1;200;KESK;52;0.26;KESK;;;;;;;;;94;;;;;;;;;52;;;;;;;;
Finland;4;163;375;4H15;Mantere;1927-07-02;1928-12-22;1929-07-02;192;0;0;2;1;0;0;1;200;KE|SLK;62;0.31;KESK;KE|SLK;;;;;;;;94;1219;;;;;;;;52;10;;;;;;;
Finland;4;163;375;4H16;Kallio III;1929-07-02;1929-08-16;1930-07-04;322;45;45;1;0;0;0;1;200;KESK;60;0.3;KESK;;;;;;;;;94;;;;;;;;;60;;;;;;;;
Finland;4;163;375;4H17;Svinhufvud II;1929-07-02;1930-07-04;1930-10-02;90;0;0;4;1;1;1;4;200;KOK;118;0.59;KESK;KOK;RKP-SFP;KE|SLK;;;;;;94;1118;585;1219;;;;;;60;28;23;7;;;;;
Finland;4;163;375;4H18;Svinhufvud III;1930-10-02;1930-10-02;1931-02-18;139;0;0;4;1;1;1;4;200;KESK;132;0.66;KESK;KOK;RKP-SFP;KE|SLK;;;;;;94;1118;585;1219;;;;;;59;42;20;11;;;;;
Finland;4;163;375;4H19;Vennola III;1930-10-02;1931-02-18;1931-03-21;31;0;0;4;1;1;1;4;200;KE|SLK;132;0.66;KESK;KOK;RKP-SFP;KE|SLK;;;;;;94;1118;585;1219;;;;;;59;42;20;11;;;;;
Finland;4;163;375;4H20;Sunila II;1930-10-02;1931-03-21;1932-12-14;634;0;0;4;1;1;1;4;200;KESK;132;0.66;KESK;KOK;RKP-SFP;KE|SLK;;;;;;94;1118;585;1219;;;;;;59;42;20;11;;;;;
Finland;4;163;375;4H21;Kivimäki I;1930-10-03;1932-12-14;1933-07-03;201;0;0;3;1;0;0;1;200;KE|SLK;90;0.45;KESK;RKP-SFP;KE|SLK;;;;;;;94;585;1219;;;;;;;59;20;11;;;;;;
Finland;4;163;375;4H22;Kivimäki II;1933-07-03;1933-07-03;1936-07-03;1096;0;0;3;1;0;0;1;200;KE|SLK;85;0.425;KESK;RKP-SFP;KE|SLK;;;;;;;94;585;1219;;;;;;;53;21;11;;;;;;
Finland;4;163;375;4H23;Kivimäki III;1936-07-03;1936-07-03;1936-10-07;96;0;0;2;1;0;0;1;200;KE|SLK;60;0.3;KESK;KE|SLK;;;;;;;;94;1219;;;;;;;;53;7;;;;;;;
Finland;4;163;375;4H24;Kallio IV;1936-07-02;1936-10-07;1937-02-15;131;0;0;2;1;0;0;1;200;KESK;60;0.3;KESK;KE|SLK;;;;;;;;94;1219;;;;;;;;53;7;;;;;;;
Finland;4;163;375;4H25;Holsti I;1936-07-02;1937-02-17;1937-03-12;23;2;2;2;1;0;0;1;200;KE|SLK;60;0.3;KESK;KE|SLK;;;;;;;;94;1219;;;;;;;;53;7;;;;;;;
Finland;4;163;375;4H26;Cajander IV;1936-07-02;1937-03-12;1939-07-02;842;0;0;3;1;1;1;4;200;KE|SLK;143;0.715;SSDP;KESK;KE|SLK;;;;;;;395;94;1219;;;;;;;83;53;7;;;;;;
Finland;4;163;375;4H27;Cajander V;1939-07-02;1939-07-02;1939-12-01;152;0;0;3;1;1;1;4;200;KE|SLK;147;0.735;SSDP;KESK;KE|SLK;;;;;;;395;94;1219;;;;;;;85;56;6;;;;;;
Finland;4;163;375;4H28;Ryti I;1939-07-02;1939-12-01;1940-03-27;117;0;0;4;1;1;1;4;200;KE|SLK;165;0.825;SSDP;KESK;RKP-SFP;KE|SLK;;;;;;395;94;585;1219;;;;;;85;56;18;6;;;;;
Finland;4;163;375;4H29;Ryti II;1939-07-02;1940-03-27;1940-12-19;267;0;0;5;1;1;1;4;200;KE|SLK;190;0.95;SSDP;KESK;KOK;RKP-SFP;KE|SLK;;;;;395;94;1118;585;1219;;;;;85;56;25;18;6;;;;
Finland;4;163;375;4H30;Walden;1939-07-02;1940-12-19;1941-01-04;16;0;0;5;1;1;1;4;200;none;190;0.95;SSDP;KESK;KOK;RKP-SFP;KE|SLK;;;;;395;94;1118;585;1219;;;;;85;56;25;18;6;;;;
Finland;4;163;375;4H31;Rangell;1939-07-02;1941-01-04;1943-03-05;790;0;0;6;1;1;1;4;200;KE|SLK;198;0.99;SSDP;KESK;KOK;RKP-SFP;IK;KE|SLK;;;;395;94;1118;585;957;1219;;;;85;56;25;18;8;6;;;
Finland;4;163;375;4H32;Linkomies;1939-07-02;1943-03-05;1944-08-08;522;0;0;5;1;1;1;4;200;KE|SLK;190;0.95;SSDP;KESK;KOK;RKP-SFP;KE|SLK;;;;;395;94;1118;585;1219;;;;;85;56;25;18;6;;;;
Finland;4;163;375;4H33;Hackzell;1939-07-02;1944-08-08;1944-09-21;44;0;0;5;1;1;1;4;200;KOK;190;0.95;SSDP;KESK;KOK;RKP-SFP;KE|SLK;;;;;395;94;1118;585;1219;;;;;85;56;25;18;6;;;;
Finland;4;163;375;4H34;Castren U.;1939-07-02;1944-09-21;1944-11-17;57;0;0;5;1;1;1;4;200;KOK;190;0.95;SSDP;KESK;KOK;RKP-SFP;KE|SLK;;;;;395;94;1118;585;1219;;;;;85;56;25;18;6;;;;
Finland;4;163;375;4H35;Paasikivi I;1939-07-02;1944-11-17;1945-03-18;121;0;0;6;1;1;1;4;200;none;172;0.86;SSDP;KESK;KOK;KE|SLK;DL|VAS;;;;;395;94;1118;1219;1292;;;;;85;56;25;6;0;;;;
Finland;4;163;375;4H36;Paasikivi II;1945-03-18;1945-04-17;1946-03-08;325;30;30;6;1;1;1;4;200;none;171;0.855;SSDP;DL|VAS;KESK;RKP-SFP;KE|SLK;;;;;395;1292;94;585;1219;;;;;50;49;49;14;9;;;;
France;5;76;220;5H1;Clemenceau III;1919-10-16;1919-10-16;1920-01-18;94;0;0;3;1;0;0;1;616;PR;207;0.336038961038961;PR;RepG;RS;;;;;;;401;2587;2594;;;;;;;106;79;22;;;;;;
France;5;76;220;5H2;Millerand I;1919-10-16;1920-01-20;1920-02-18;29;2;2;6;1;1;1;4;616;none;459;0.7451298701298701;UR;PR;RepG;RI;RS;;;;;2581;401;2587;2585;2594;;;;;201;106;79;51;22;;;;
France;5;76;220;5H3;Millerand II;1919-10-16;1920-02-18;1920-09-23;218;0;0;5;1;1;1;4;616;none;437;0.7094155844155844;UR;PR;RepG;RI;;;;;;2581;401;2587;2585;;;;;;201;106;79;51;;;;;
France;5;76;220;5H4;Leygues;1919-10-16;1920-09-24;1921-01-07;105;1;1;5;1;1;1;4;616;RepG;459;0.7451298701298701;UR;PR;RepG;RI;RS;;;;;2581;401;2587;2585;2594;;;;;201;106;79;51;22;;;;
France;5;76;220;5H5;Briand VII;1919-10-16;1921-01-16;1922-01-12;361;9;9;5;1;1;1;4;616;RS;459;0.7451298701298701;UR;PR;RepG;RI;RS;;;;;2581;401;2587;2585;2594;;;;;201;106;79;51;22;;;;
France;5;76;220;5H6;Poincare II;1919-10-16;1922-01-15;1924-03-29;804;3;3;3;1;1;0;3;616;RepG;386;0.6266233766233766;UR;PR;RepG;;;;;;;2581;401;2587;;;;;;;201;106;79;;;;;;
France;5;76;220;5H7;Poincare III;1919-10-16;1924-03-29;1924-05-25;57;0;0;3;1;1;0;3;616;RepG;386;0.6266233766233766;UR;PR;RepG;;;;;;;2581;401;2587;;;;;;;201;106;79;;;;;;
France;5;76;220;5H8;Francois-Marsal;1924-05-25;1924-06-08;1924-06-10;2;14;14;2;1;0;0;1;574;UR;257;0.4477351916376306;UR;RepG;;;;;;;;2581;2587;;;;;;;;204;53;;;;;;;
France;5;76;220;5H9;Herriot I;1924-05-25;1924-06-14;1925-04-10;300;4;4;3;1;0;0;1;574;PR;215;0.3745644599303136;PR;RepG;RS;;;;;;;401;2587;2594;;;;;;;162;53;0;;;;;;
France;5;76;220;5H10;Painleve II;1924-05-25;1925-04-17;1925-10-27;193;7;7;2;1;0;0;1;574;RS;162;0.2822299651567944;PR;RS;;;;;;;;401;2594;;;;;;;;162;0;;;;;;;
France;5;76;220;5H11;Painleve III;1924-05-25;1925-10-29;1925-11-22;24;2;2;2;1;0;0;1;574;RS;162;0.2822299651567944;PR;RS;;;;;;;;401;2594;;;;;;;;162;0;;;;;;;
France;5;76;220;5H12;Briand VIII;1924-05-25;1925-11-28;1926-03-06;98;6;6;4;1;0;0;1;574;RS;215;0.3745644599303136;PR;RepG;RI;RS;;;;;;401;2587;2585;2594;;;;;;162;53;0;0;;;;;
France;5;76;220;5H13;Briand IX;1924-05-25;1926-03-09;1926-06-15;98;3;3;4;1;0;0;1;574;RS;215;0.3745644599303136;PR;RepG;RI;RS;;;;;;401;2587;2585;2594;;;;;;162;53;0;0;;;;;
France;5;76;220;5H14;Braind X;1924-05-25;1926-06-23;1926-07-17;24;8;8;4;1;0;0;1;574;RS;215;0.3745644599303136;PR;RepG;RI;RS;;;;;;401;2587;2585;2594;;;;;;162;53;0;0;;;;;
France;5;76;220;5H15;Herriot II;1924-05-25;1926-07-19;1926-07-21;2;2;2;4;1;0;0;1;574;PR;215;0.3745644599303136;PR;RepG;RI;RS;;;;;;401;2587;2585;2594;;;;;;162;53;0;0;;;;;
France;5;76;220;5H16;Poincare IV;1924-05-25;1926-07-23;1928-04-29;646;2;2;5;1;1;1;4;574;RepG;419;0.7299651567944251;UR;PR;RepG;RI;RS;;;;;2581;401;2587;2585;2594;;;;;204;162;53;0;0;;;;
France;5;76;220;5H17;Poincare V;1928-04-29;1928-04-29;1928-11-06;191;0;0;5;1;1;1;4;602;RepG;461;0.7657807308970099;UR;PR;RepG;RI;RS;;;;;2581;401;2587;2585;2594;;;;;182;120;74;52;33;;;;
France;5;76;220;5H18;Poincare VI;1928-04-29;1928-11-11;1929-07-26;257;5;5;5;1;1;1;4;602;RepG;461;0.7657807308970099;UR;PR;RepG;RI;RS;;;;;2581;401;2587;2585;2594;;;;;182;120;74;52;33;;;;
France;5;76;220;5H19;Briand XI;1928-04-29;1929-07-29;1929-10-22;85;3;3;5;1;1;1;4;602;RS;461;0.7657807308970099;UR;PR;RepG;RI;RS;;;;;2581;401;2587;2585;2594;;;;;182;120;74;52;33;;;;
France;5;76;220;5H20;Tardieu I;1928-04-29;1929-11-03;1930-02-17;106;12;12;5;1;1;1;4;602;RepG;461;0.7657807308970099;UR;PR;RepG;RI;RS;;;;;2581;401;2587;2585;2594;;;;;182;120;74;52;33;;;;
France;5;76;220;5H21;Chautemps I;1928-04-29;1930-02-21;1930-02-25;4;4;4;4;1;0;0;1;602;PR;279;0.4634551495016611;PR;RepG;RI;RS;;;;;;401;2587;2585;2594;;;;;;120;74;52;33;;;;;
France;5;76;220;5H22;Tardieu II;1928-04-29;1930-03-02;1930-12-04;277;5;5;6;1;1;1;4;602;RepG;461;0.7657807308970099;UR;PR;RepG;RI;RS;PDP;;;;2581;401;2587;2585;2594;2583;;;;182;120;74;52;33;0;;;
France;5;76;220;5H23;Steeg;1928-04-29;1930-12-13;1931-01-22;40;9;9;4;1;0;0;1;602;PR;279;0.4634551495016611;PR;RepG;RI;RS;;;;;;401;2587;2585;2594;;;;;;120;74;52;33;;;;;
France;5;76;220;5H24;Laval I;1928-04-29;1931-01-27;1932-02-06;375;5;5;6;1;1;1;4;602;RepG;461;0.7657807308970099;UR;PR;RepG;RI;RS;PDP;;;;2581;401;2587;2585;2594;2583;;;;182;120;74;52;33;0;;;
France;5;76;220;5H25;Tardieu III;1928-04-29;1932-02-20;1932-05-08;78;14;14;4;1;1;1;4;602;RepG;308;0.5116279069767442;UR;RepG;RI;PDP;;;;;;2581;2587;2585;2583;;;;;;182;74;52;0;;;;;
France;5;76;220;5H26;Herriot III;1932-05-08;1932-06-03;1932-12-14;194;26;26;5;1;1;1;4;605;PR;332;0.5487603305785124;PR;UR;RI;RS;PSF;;;;;401;2581;2585;2594;2617;;;;;157;76;62;37;0;;;;
France;5;76;220;5H27;Paul-Boncour;1932-05-08;1932-12-18;1933-01-28;41;4;4;5;1;1;1;4;605;RS;328;0.5421487603305785;PR;RepG;RI;RS;PSF;;;;;401;2587;2585;2594;2617;;;;;157;72;62;37;0;;;;
France;5;76;220;5H28;Daladier I;1932-05-08;1933-01-31;1933-10-24;266;3;3;5;1;1;1;4;605;PR;328;0.5421487603305785;PR;RepG;RI;RS;PSF;;;;;401;2587;2585;2594;2617;;;;;157;72;62;37;0;;;;
France;5;76;220;5H29;Sarraut I;1932-05-08;1933-10-26;1933-11-24;29;2;2;5;1;1;1;4;605;PR;328;0.5421487603305785;PR;RepG;RI;RS;PSF;;;;;401;2587;2585;2594;2617;;;;;157;72;62;37;0;;;;
France;5;76;220;5H30;Chautemps II;1932-05-08;1933-11-26;1934-01-27;62;2;2;5;1;1;1;4;605;PR;328;0.5421487603305785;PR;RepG;RI;RS;PSF;;;;;401;2587;2585;2594;2617;;;;;157;72;62;37;0;;;;
France;5;76;220;5H31;Daladier II;1932-05-08;1934-01-30;1934-02-07;8;3;3;4;1;1;1;4;605;PR;367;0.6066115702479339;PR;UR;RepG;RI;;;;;;401;2581;2587;2585;;;;;;157;76;72;62;;;;;
France;5;76;220;5H32;Doumergue II;1932-05-08;1934-02-09;1934-11-08;272;2;2;5;1;1;1;4;605;PR;328;0.5421487603305785;PR;RepG;RI;RS;PSdF;;;;;401;2587;2585;2594;2618;;;;;157;72;62;37;0;;;;
France;5;76;220;5H33;Flandin;1932-05-08;1934-11-08;1935-05-31;204;0;0;4;1;1;1;4;605;RepG;367;0.6066115702479339;PR;UR;RepG;RI;;;;;;401;2581;2587;2585;;;;;;157;76;72;62;;;;;
France;5;76;220;5H34;Bouisson;1932-05-08;1935-06-01;1935-06-04;3;1;1;5;1;1;1;4;605;RS;332;0.5487603305785124;PR;UR;RI;RS;PSdF;;;;;401;2581;2585;2594;2618;;;;;157;76;62;37;0;;;;
France;5;76;220;5H35;Laval IV;1932-05-08;1935-06-07;1936-01-22;229;3;3;6;1;1;1;4;605;none;367;0.6066115702479339;PR;UR;RepG;RI;PSdF;;;;;401;2581;2587;2585;2618;;;;;157;76;72;62;0;;;;
France;5;76;220;5H36;Sarraut II;1932-05-08;1936-01-24;1936-05-03;100;2;2;3;1;0;0;1;605;PR;291;0.4809917355371901;PR;RepG;RI;;;;;;;401;2587;2585;;;;;;;157;72;62;;;;;;
France;5;76;220;5H37;Blum I;1936-05-03;1936-06-04;1937-06-21;382;32;32;3;1;1;0;3;608;PS;330;0.5427631578947368;PS;PR;PCF;;;;;;;1539;401;686;;;;;;;149;109;72;;;;;;
France;5;76;220;5H38;Chautemps III;1936-05-03;1937-06-23;1938-03-10;260;2;2;3;1;1;0;3;608;PR;330;0.5427631578947368;PS;PR;PCF;;;;;;;1539;401;686;;;;;;;149;109;72;;;;;;
France;5;76;220;5H39;Blum II;1936-05-03;1938-03-13;1938-04-08;26;3;3;3;1;1;0;3;608;PS;330;0.5427631578947368;PS;PR;PCF;;;;;;;1539;401;686;;;;;;;149;109;72;;;;;;
France;5;76;220;5H40;Daladier III;1936-05-03;1938-04-10;1939-05-11;396;2;2;5;1;0;0;1;608;PR;165;0.2713815789473684;PR;RS;PDP;RI;RepG;;;;;401;2594;2583;2585;2587;;;;;109;56;0;0;0;;;;
France;5;76;220;5H41;Daladier IV;1936-05-03;1939-05-11;1939-09-13;125;0;0;4;1;0;0;1;608;PR;165;0.2713815789473684;PR;RS;RI;RepG;;;;;;401;2594;2585;2587;;;;;;109;56;0;0;;;;;
France;5;76;220;5H42;Daladier V;1936-05-03;1939-09-13;1940-03-20;189;0;0;4;1;1;1;4;608;PR;387;0.6365131578947368;UR;PR;RS;RepG;;;;;;2581;401;2594;2587;;;;;;222;109;56;0;;;;;
France;5;76;220;5H43;Reynaud;1936-05-03;1940-03-21;1940-06-16;87;1;1;6;1;1;1;4;608;RepG;536;0.881578947368421;UR;PS;PR;RS;PSF;RepG;;;;2581;1539;401;2594;2617;2587;;;;222;149;109;56;0;0;;;
France;5;76;220;5H44;Petain;1936-05-03;1940-06-16;1940-07-10;24;0;0;5;1;1;1;4;608;none;314;0.5164473684210527;PS;PR;RS;PSF;;;;;;1539;401;2594;2617;;;;;;149;109;56;0;;;;;
France;5;76;220;5H45;de Gaulle I;1936-05-03;1944-09-10;1945-10-21;406;;;7;1;1;1;4;608;none;330;0.5427631578947368;PS;PR;PCF;G;MRP;PRL;;;;1539;401;686;1094;1086;1297;;;;149;109;72;0;0;0;;;
France;5;76;220;5H46;de Gaulle II;1945-10-21;1945-11-21;1946-01-20;60;31;31;5;1;1;1;4;522;none;458;0.8773946360153256;PCF;MRP;PS;PR;;;;;;686;1086;1539;401;;;;;;148;141;134;35;;;;;
France;5;76;220;5H47;Gouin;1945-10-21;1946-01-26;1946-06-12;137;6;6;3;1;1;1;4;522;PS;423;0.8103448275862069;PCF;MRP;PS;;;;;;;686;1086;1539;;;;;;;148;141;134;;;;;;
France;5;76;220;5H48;Bidault I;1945-10-21;1946-06-24;1946-11-10;139;12;12;4;1;1;1;4;522;MRP;460;0.8812260536398467;MRP;PCF;PS;RGR;;;;;;1086;686;1539;890;;;;;;160;146;115;39;;;;;
France;5;76;220;5H49;Blum III;1946-11-10;1946-12-16;1947-01-16;31;36;36;1;0;0;0;1;544;PS;90;0.1654411764705882;PS;;;;;;;;;1539;;;;;;;;;90;;;;;;;;
France;5;76;220;5H50;Ramadier I;1946-11-10;1947-01-22;1947-10-21;272;6;6;5;1;1;1;4;544;PS;539;0.9908088235294118;PCF;MRP;PS;PRL;RGR;;;;;686;1086;1539;1297;890;;;;;166;158;90;70;55;;;;
France;5;76;220;5H51;Ramadier II;1946-11-10;1947-10-22;1947-11-19;28;1;1;4;1;1;1;4;544;PS;373;0.6856617647058824;MRP;PS;PRL;RGR;;;;;;1086;1539;1297;890;;;;;;158;90;70;55;;;;;
France;5;76;220;5H52;Schuman I;1946-11-10;1947-11-24;1948-07-19;238;5;5;4;1;1;1;4;544;MRP;346;0.6360294117647058;MRP;PS;PRL;RGR;;;;;;1086;1539;1297;890;;;;;;167;105;74;0;;;;;
France;5;76;220;5H53;Marie;1946-11-10;1948-07-26;1948-08-28;33;7;7;4;1;1;1;4;544;PR;389;0.7150735294117647;MRP;PS;PRL;PR;;;;;;1086;1539;1297;401;;;;;;167;105;74;43;;;;;
France;5;76;220;5H54;Schuman II;1946-11-10;1948-09-05;1948-09-11;6;8;8;4;1;1;1;4;544;MRP;346;0.6360294117647058;MRP;PS;PRL;RGR;;;;;;1086;1539;1297;890;;;;;;167;105;74;0;;;;;
France;5;76;220;5H55;Queuille I;1946-11-10;1948-09-11;1949-10-05;389;0;0;4;1;1;1;4;544;RGR;346;0.6360294117647058;MRP;PS;PRL;RGR;;;;;;1086;1539;1297;890;;;;;;167;105;74;0;;;;;
France;5;76;220;5H56;Bidault II;1946-11-10;1949-10-28;1950-02-07;102;23;23;5;1;1;1;4;544;MRP;416;0.7647058823529411;MRP;PS;PRL;PR;UDSR;;;;;1086;1539;1297;401;2280;;;;;167;105;74;43;27;;;;
France;5;76;220;5H57;Bidault III;1946-11-10;1950-02-07;1950-06-24;137;0;0;4;1;1;1;4;544;MRP;311;0.5716911764705882;MRP;PRL;PR;UDSR;;;;;;1086;1297;401;2280;;;;;;167;74;43;27;;;;;
France;5;76;220;5H58;Queuille II;1946-11-10;1950-07-02;1950-07-04;2;8;8;4;1;1;1;4;544;PR;311;0.5716911764705882;MRP;PRL;PR;UDSR;;;;;;1086;1297;401;2280;;;;;;167;74;43;27;;;;;
France;5;76;220;5H59;Pleven I;1946-11-10;1950-07-12;1951-02-28;231;8;8;5;1;1;1;4;544;UDSR;416;0.7647058823529411;MRP;PS;PRL;PR;UDSR;;;;;1086;1539;1297;401;2280;;;;;167;105;74;43;27;;;;
France;5;76;220;5H60;Queuille III;1946-11-10;1951-03-10;1951-06-17;99;10;10;5;1;1;1;4;544;PR;416;0.7647058823529411;MRP;PS;PRL;PR;UDSR;;;;;1086;1539;1297;401;2280;;;;;167;105;74;43;27;;;;
France;5;76;220;5H61;Pleven II;1946-11-10;1951-08-11;1952-01-07;149;55;55;4;1;1;0;3;544;UDSR;273;0.5018382352941176;CNIP;MRP;PR;UDSR;;;;;;1414;1086;401;2280;;;;;;95;86;76;16;;;;;
France;5;76;220;5H62;Faure I;1951-06-17;1952-01-20;1952-02-28;39;13;13;4;1;1;0;3;544;PR;273;0.5018382352941176;CNIP;MRP;PR;UDSR;;;;;;1414;1086;401;2280;;;;;;95;86;76;16;;;;;
France;5;76;220;5H63;Pinay;1951-06-17;1952-03-08;1952-12-23;290;9;9;4;1;1;0;3;544;CNIP;273;0.5018382352941176;CNIP;MRP;PR;UDSR;;;;;;1414;1086;401;2280;;;;;;95;86;76;16;;;;;
France;5;76;220;5H64;Mayer;1951-06-17;1953-01-08;1953-05-21;133;16;16;5;1;1;1;4;544;PR;300;0.5514705882352942;CNIP;MRP;PR;ARS;UDSR;;;;;1414;1086;401;2358;2280;;;;;95;86;76;27;16;;;;
France;5;76;220;5H65;Laniel;1951-06-17;1953-06-28;1954-06-12;349;38;38;6;1;1;1;4;544;CNIP;393;0.7224264705882353;CNIP;G;MRP;PR;ARS;UDSR;;;;1414;1094;1086;401;2358;2280;;;;95;93;86;76;27;16;;;
France;5;76;220;5H66;Mendes-France;1951-06-17;1954-06-18;1955-02-05;232;6;6;6;1;1;1;4;544;PR;366;0.6727941176470589;CNIP;G;MRP;PR;UDSR;RGR;;;;1414;1094;1086;401;2280;890;;;;95;93;86;76;16;0;;;
France;5;76;220;5H67;Faure II;1951-06-17;1955-02-23;1956-01-02;313;18;18;5;1;1;1;4;544;PR;366;0.6727941176470589;CNIP;G;MRP;PR;UDSR;;;;;1414;1094;1086;401;2280;;;;;95;93;86;76;16;;;;
France;5;76;220;5H68;Mollet;1951-06-17;1956-02-01;1957-05-21;475;30;30;3;1;0;0;1;544;PS;161;0.2959558823529412;PS;PR;RGR;;;;;;;1539;401;890;;;;;;;88;73;0;;;;;;
France;5;76;220;5H69;Bourges-Maunoury;1956-01-02;1957-06-12;1957-09-30;110;22;22;3;1;0;0;1;544;PR;174;0.3198529411764706;PS;PR;RGR;;;;;;;1539;401;890;;;;;;;100;60;14;;;;;;
France;5;76;220;5H70;Gaillard;1956-01-02;1957-11-06;1958-04-15;160;37;37;6;1;1;1;4;544;PR;368;0.6764705882352942;PS;CNIP;MRP;PR;G;RGR;;;;1539;1414;1086;401;1094;890;;;;100;98;74;60;22;14;;;
France;5;76;220;5H71;Pflimlin;1956-01-02;1958-05-13;1958-05-28;15;28;28;5;1;1;1;4;544;MRP;346;0.6360294117647058;PS;CNIP;MRP;PR;RGR;;;;;1539;1414;1086;401;890;;;;;100;98;74;60;14;;;;
France;5;76;220;5H72;de Gaulle III;1956-01-02;1958-06-02;1958-11-30;181;5;5;6;1;1;1;4;544;none;354;0.6507352941176471;PS;CNIP;MRP;PR;G;;;;;1539;1414;1086;401;1094;;;;;100;98;74;60;22;;;;
United Kingdom;17;101;200;17H1;Lloyd George I;1918-12-14;1919-01-10;1922-10-19;1378;27;27;2;1;1;1;4;707;CoLib;509;0.7199434229137199;Con;CoLib;;;;;;;;773;2501;;;;;;;;382;127;;;;;;;
United Kingdom;17;101;200;17H2;Bonar Law;1918-12-14;1922-10-23;1922-11-15;23;4;4;1;0;1;0;2;707;Con;382;0.5403111739745403;Con;;;;;;;;;773;;;;;;;;;382;;;;;;;;
United Kingdom;17;101;200;17H3;Bonar Law II;1922-11-15;1922-11-15;1923-05-20;186;0;0;1;0;1;0;2;615;Con;344;0.5593495934959349;Con;;;;;;;;;773;;;;;;;;;344;;;;;;;;
United Kingdom;17;101;200;17H4;Baldwin I;1922-11-15;1923-05-22;1923-12-06;198;2;2;1;0;1;0;2;615;Con;344;0.5593495934959349;Con;;;;;;;;;773;;;;;;;;;344;;;;;;;;
United Kingdom;17;101;200;17H5;MacDonald I;1923-12-06;1924-01-22;1924-10-29;281;47;47;1;0;0;0;1;615;Lab;191;0.3105691056910569;Lab;;;;;;;;;1556;;;;;;;;;191;;;;;;;;
United Kingdom;17;101;200;17H6;Baldwin II;1924-10-29;1924-11-04;1929-05-30;1668;6;6;1;0;1;0;2;615;Con;412;0.6699186991869919;Con;;;;;;;;;773;;;;;;;;;412;;;;;;;;
United Kingdom;17;101;200;17H7;MacDonald II;1929-05-30;1929-06-05;1931-08-24;810;6;6;1;0;0;0;1;615;Lab;287;0.4666666666666667;Lab;;;;;;;;;1556;;;;;;;;;287;;;;;;;;
United Kingdom;17;101;200;17H8;MacDonald III;1929-05-30;1931-08-24;1931-10-27;64;0;0;;0;0;0;;615;;0;0;;;;;;;;;;;;;;;;;;;;;;;;;;;
United Kingdom;17;101;200;17H9;MacDonald IV;1931-10-27;1931-10-27;1935-06-07;1319;0;0;4;1;1;1;4;615;NLO;550;0.8943089430894309;Con;NLP;Lib;NLO;;;;;;773;1017;659;2479;;;;;;470;35;32;13;;;;;
United Kingdom;17;101;200;17H10;Baldwin III;1931-10-27;1935-06-07;1935-11-14;160;0;0;4;1;1;1;4;615;Con;589;0.9577235772357724;Con;Lab;NLP;Lib;;;;;;773;1556;1017;659;;;;;;470;52;35;32;;;;;
United Kingdom;17;101;200;17H11;Baldwin IV;1935-11-14;1935-11-14;1937-05-28;561;0;0;4;1;1;1;4;615;Con;595;0.967479674796748;Con;Lab;NLP;Lib;;;;;;773;1556;1017;659;;;;;;387;154;33;21;;;;;
United Kingdom;17;101;200;17H12;Chamberlain;1935-11-14;1937-05-28;1940-05-10;1078;0;0;3;1;1;1;4;615;Con;428;0.6959349593495935;Con;NLP;NLO;;;;;;;773;1017;2479;;;;;;;387;33;8;;;;;;
United Kingdom;17;101;200;17H13;Churchill I;1935-11-14;1940-05-10;1945-05-23;1839;0;0;2;1;1;1;4;615;Con;541;0.8796747967479674;Con;Lab;;;;;;;;773;1556;;;;;;;;387;154;;;;;;;
United Kingdom;17;101;200;17H14;Churchill II;1935-11-14;1945-05-23;1945-07-05;43;0;0;2;1;1;1;4;615;Con;420;0.6829268292682927;Con;NLP;;;;;;;;773;1017;;;;;;;;387;33;;;;;;;
United Kingdom;17;101;200;17H15;Attlee I;1945-07-05;1945-07-26;1950-02-23;1673;21;21;1;0;1;0;2;640;Lab;393;0.6140625;Lab;;;;;;;;;1556;;;;;;;;;393;;;;;;;;
Ireland;9;81;205;9H1;Cosgrave I;1922-06-16;1922-08-30;1923-08-27;362;85;85;1;0;0;0;1;128;CG;58;0.453125;CG;;;;;;;;;2447;;;;;;;;;58;;;;;;;;
Ireland;9;81;205;9H2;Cosgrave II;1923-08-27;1923-09-19;1927-06-09;1359;23;23;1;0;0;0;1;153;CG;63;0.4117647058823529;CG;;;;;;;;;2447;;;;;;;;;63;;;;;;;;
Ireland;9;81;205;9H3;Cosgrave III;1927-06-09;1927-06-23;1927-09-15;84;14;14;1;0;0;0;1;153;CG;47;0.3071895424836601;CG;;;;;;;;;2447;;;;;;;;;47;;;;;;;;
Ireland;9;81;205;9H4;Cosgrave IV;1927-09-15;1927-10-11;1930-03-27;898;26;26;1;0;0;0;1;153;CG;62;0.4052287581699346;CG;;;;;;;;;2447;;;;;;;;;62;;;;;;;;
Ireland;9;81;205;9H5;Cosgrave V;1927-09-15;1930-04-02;1932-02-16;685;6;6;1;0;0;0;1;153;CG;62;0.4052287581699346;CG;;;;;;;;;2447;;;;;;;;;62;;;;;;;;
Ireland;9;81;205;9H6;Valera I;1932-02-16;1932-03-09;1933-01-24;321;22;22;1;0;0;0;1;153;FF;72;0.4705882352941176;FF;;;;;;;;;280;;;;;;;;;72;;;;;;;;
Ireland;9;81;205;9H7;Valera II;1933-01-24;1933-02-08;1937-07-01;1604;15;15;1;0;1;0;2;153;FF;77;0.5032679738562091;FF;;;;;;;;;280;;;;;;;;;77;;;;;;;;
Ireland;9;81;205;9H8;Valera III;1937-07-01;1937-07-21;1938-06-17;331;20;20;1;0;0;0;1;138;FF;69;0.5;FF;;;;;;;;;280;;;;;;;;;69;;;;;;;;
Ireland;9;81;205;9H9;Valera IV;1938-06-17;1938-06-30;1943-06-23;1819;13;13;1;0;1;0;2;138;FF;77;0.5579710144927537;FF;;;;;;;;;280;;;;;;;;;77;;;;;;;;
Ireland;9;81;205;9H10;Valera V;1943-06-23;1943-07-01;1944-05-30;334;8;8;1;0;0;0;1;138;FF;67;0.4855072463768116;FF;;;;;;;;;280;;;;;;;;;67;;;;;;;;
Ireland;9;81;205;9H11;Valera VII;1944-05-30;1944-06-09;1948-02-04;1335;10;10;1;0;1;0;2;138;FF;76;0.5507246376811594;FF;;;;;;;;;280;;;;;;;;;76;;;;;;;;
Iceland;8;168;395;8H1;Magnusson I;1919-11-15;1919-11-15;1920-02-25;102;0;0;1;0;0;0;1;40;He;16;0.4;He;;;;;;;;;2440;;;;;;;;;16;;;;;;;;
Iceland;8;168;395;8H2;Magnusson II;1919-11-15;1920-02-25;1922-03-07;741;0;0;1;0;0;0;1;40;He;16;0.4;He;;;;;;;;;2440;;;;;;;;;16;;;;;;;;
Iceland;8;168;395;8H3;Eggerz I;1919-11-15;1922-03-07;1923-10-27;599;0;0;1;0;0;0;1;40;Sj-07;13;0.325;Sj-07;;;;;;;;;2561;;;;;;;;;13;;;;;;;;
Iceland;8;168;395;8H4;Eggerz II;1923-10-27;1923-10-27;1924-03-22;147;0;0;2;1;0;0;1;40;Sj-07;15;0.375;F;Sj-07;;;;;;;;1455;2561;;;;;;;;15;0;;;;;;;
Iceland;8;168;395;8H5;Magnusson III;1923-10-27;1924-03-22;1926-07-08;838;0;0;1;0;1;0;2;40;Sj;23;0.575;Sj;;;;;;;;;1342;;;;;;;;;23;;;;;;;;
Iceland;8;168;395;8H6;Þorláksson I;1923-10-27;1926-07-08;1927-07-09;366;0;0;1;0;1;0;2;40;Sj;23;0.575;Sj;;;;;;;;;1342;;;;;;;;;23;;;;;;;;
Iceland;8;168;395;8H7;Þorláksson;1927-07-09;1927-08-28;1931-06-12;1384;50;50;1;0;0;0;1;42;F;19;0.4523809523809524;F;;;;;;;;;1455;;;;;;;;;19;;;;;;;;
Iceland;8;168;395;8H8;Þorláksson  II;1931-06-12;1931-06-12;1932-06-03;357;0;0;1;0;0;0;1;42;Sj;15;0.3571428571428572;Sj;;;;;;;;;1342;;;;;;;;;15;;;;;;;;
Iceland;8;168;395;8H9;Asgeirsson;1931-06-12;1932-06-03;1933-07-16;408;0;0;2;1;1;1;4;42;F;38;0.9047619047619048;F;Sj;;;;;;;;1455;1342;;;;;;;;23;15;;;;;;;
Iceland;8;168;395;8H10;Asgeirsson II;1933-07-16;1933-07-16;1934-06-24;343;0;0;2;1;1;0;3;42;Sj;36;0.8571428571428571;Sj;F;;;;;;;;1342;1455;;;;;;;;20;16;;;;;;;
Iceland;8;168;395;8H11;Jonasson I;1934-06-24;1934-07-28;1937-06-29;1067;34;34;2;1;1;0;3;49;F;25;0.5102040816326531;F;A;;;;;;;;1455;228;;;;;;;;15;10;;;;;;;
Iceland;8;168;395;8H12;Jonasson II;1937-06-29;1937-06-29;1938-04-02;277;0;0;2;1;1;0;3;49;F;27;0.5510204081632653;F;A;;;;;;;;1455;228;;;;;;;;19;8;;;;;;;
Iceland;8;168;395;8H13;Jonasson III;1937-06-29;1938-04-02;1939-04-17;380;0;0;1;0;0;0;1;49;F;19;0.3877551020408163;F;;;;;;;;;1455;;;;;;;;;19;;;;;;;;
Iceland;8;168;395;8H14;Jonasson IV;1937-06-29;1939-04-17;1942-05-16;1125;0;0;3;1;1;1;4;49;F;44;0.8979591836734694;F;Sj;A;;;;;;;1455;1342;228;;;;;;;19;17;8;;;;;;
Iceland;8;168;395;8H15;Thors I;1937-06-29;1942-05-16;1942-07-05;50;0;0;1;0;0;0;1;49;Sj;17;0.3469387755102041;Sj;;;;;;;;;1342;;;;;;;;;17;;;;;;;;
Iceland;8;168;395;8H16;Thors II;1942-07-05;1942-07-05;1942-10-19;106;0;0;1;0;0;0;1;49;Sj;17;0.3469387755102041;Sj;;;;;;;;;1342;;;;;;;;;17;;;;;;;;
Iceland;8;168;395;8H17;Þórðarson;1942-10-19;1942-12-16;1944-10-21;675;58;58;1;0;0;0;5;52;none;0;0;;;;;;;;;;;;;;;;;;;;;;;;;;;
Iceland;8;168;395;8H18;Thors III;1942-10-19;1944-10-21;1947-02-04;836;0;0;3;1;1;1;4;52;Sj;37;0.7115384615384616;Sj;SA-S;A;;;;;;;1342;1319;228;;;;;;;20;10;7;;;;;;
Netherlands;12;91;210;12H1;Ruijs de Beerenbrouck I;1918-07-03;1918-09-09;1922-07-05;1395;69;69;3;1;1;0;3;93;RKP;50;0.5376344086021505;RKP;ARP;CHU;;;;;;;2539;300;405;;;;;;;30;13;7;;;;;;
Netherlands;12;91;210;12H2;Ruijs de Beerenbrouck II;1922-07-05;1922-09-18;1925-07-01;1017;75;75;3;1;1;0;3;100;RKP;59;0.59;RKP;ARP;CHU;;;;;;;2539;300;405;;;;;;;32;16;11;;;;;;
Netherlands;12;91;210;12H3;Colijn I;1925-07-01;1925-08-04;1925-11-14;102;34;34;3;1;1;0;3;100;ARP;54;0.54;RKP;ARP;CHU;;;;;;;2539;300;405;;;;;;;30;13;11;;;;;;
Netherlands;12;91;210;12H4;De Geer I;1925-07-01;1926-03-08;1929-07-03;1213;114;114;3;1;1;0;3;100;CHU;54;0.54;RKP;ARP;CHU;;;;;;;2539;300;405;;;;;;;30;13;11;;;;;;
Netherlands;12;91;210;12H5;Ruijs de Beerenbrouck III;1929-07-03;1929-08-10;1933-04-26;1355;38;38;3;1;1;0;3;100;RKP;53;0.53;RKP;ARP;CHU;;;;;;;2539;300;405;;;;;;;30;12;11;;;;;;
Netherlands;12;91;210;12H6;Colijn II;1933-04-26;1933-05-26;1935-07-23;788;30;30;5;1;1;1;4;100;ARP;65;0.65;RKP;ARP;CHU;LSP;VDB;;;;;2539;300;405;2461;944;;;;;28;14;10;7;6;;;;
Netherlands;12;91;210;12H7;Colijn III;1933-04-26;1935-07-31;1937-05-26;665;8;8;5;1;1;1;4;100;ARP;65;0.65;RKP;ARP;CHU;LSP;VDB;;;;;2539;300;405;2461;944;;;;;28;14;10;7;6;;;;
Netherlands;12;91;210;12H8;Colijn IV;1937-05-26;1937-06-24;1939-06-29;735;29;29;3;1;1;0;3;100;ARP;56;0.56;RKP;ARP;CHU;;;;;;;2539;300;405;;;;;;;31;17;8;;;;;;
Netherlands;12;91;210;12H9;Colijn V;1937-05-26;1939-07-25;1939-07-27;2;26;26;3;1;0;0;1;100;ARP;29;0.29;ARP;CHU;LSP;;;;;;;300;405;2461;;;;;;;17;8;4;;;;;;
Netherlands;12;91;210;12H10;De Geer II;1937-05-26;1939-08-10;1940-05-14;278;14;14;5;1;1;1;4;100;CHU;83;0.83;RKP;SDAP;ARP;CHU;LSP;;;;;2539;1451;300;405;2461;;;;;31;23;17;8;4;;;;
Netherlands;12;91;210;12H11;Schermerhorn;1937-05-26;1945-06-25;1946-05-16;325;;;5;1;1;1;4;100;VDB;54;0.54;SDAP;ARP;CHU;VDB;KVP;;;;;1451;300;405;944;451;;;;;23;17;8;6;0;;;;
Norway;13;186;385;13H1;Halvorsen I;1918-10-21;1920-06-21;1921-06-22;366;0;0;2;1;0;0;1;126;H;50;0.3968253968253968;H;FV;;;;;;;;1435;2472;;;;;;;;40;10;;;;;;;
Norway;13;186;385;13H2;Blehr I;1918-10-21;1921-06-22;1921-10-24;124;0;0;1;0;0;0;1;126;V;51;0.4047619047619048;V;;;;;;;;;647;;;;;;;;;51;;;;;;;;
Norway;13;186;385;13H3;Blehr II;1921-10-24;1921-10-24;1923-03-06;498;0;0;1;0;0;0;1;150;V;37;0.2466666666666667;V;;;;;;;;;647;;;;;;;;;37;;;;;;;;
Norway;13;186;385;13H4;Halvorsen II;1921-10-24;1923-03-06;1923-05-30;85;0;0;2;1;0;0;1;150;H;57;0.38;H;FV;;;;;;;;1435;2472;;;;;;;;42;15;;;;;;;
Norway;13;186;385;13H5;Berge;1921-10-24;1923-05-30;1924-07-25;422;0;0;2;1;0;0;1;150;FV;57;0.38;H;FV;;;;;;;;1435;2472;;;;;;;;42;15;;;;;;;
Norway;13;186;385;13H6;Mowinckel I;1921-10-24;1924-07-25;1924-10-21;88;0;0;1;0;0;0;1;150;V;37;0.2466666666666667;V;;;;;;;;;647;;;;;;;;;37;;;;;;;;
Norway;13;186;385;13H7;Mowinckel II;1924-10-21;1924-10-21;1926-03-05;500;0;0;1;0;0;0;1;150;V;34;0.2266666666666667;V;;;;;;;;;647;;;;;;;;;34;;;;;;;;
Norway;13;186;385;13H8;Lykke I;1924-10-21;1926-03-05;1927-10-17;591;0;0;2;1;0;0;1;150;H;54;0.36;H;FV;;;;;;;;1435;2472;;;;;;;;43;11;;;;;;;
Norway;13;186;385;13H9;Lykke II;1927-10-17;1927-10-17;1928-01-28;103;0;0;2;1;0;0;1;150;H;30;0.2;H;FV;;;;;;;;1435;2472;;;;;;;;28;2;;;;;;;
Norway;13;186;385;13H10;Hornsrud;1927-10-17;1928-01-28;1928-02-15;18;0;0;1;0;0;0;1;150;DNA;59;0.3933333333333333;DNA;;;;;;;;;104;;;;;;;;;59;;;;;;;;
Norway;13;186;385;13H11;Mowinckel III;1927-10-17;1928-02-15;1930-10-20;978;0;0;1;0;0;0;1;150;V;30;0.2;V;;;;;;;;;647;;;;;;;;;30;;;;;;;;
Norway;13;186;385;13H12;Mowinckel IV;1930-10-20;1930-10-20;1931-05-12;204;0;0;1;0;0;0;1;150;V;33;0.22;V;;;;;;;;;647;;;;;;;;;33;;;;;;;;
Norway;13;186;385;13H13;Kolstad;1930-10-20;1931-05-12;1932-03-14;307;0;0;1;0;0;0;1;150;Sp;25;0.1666666666666667;Sp;;;;;;;;;702;;;;;;;;;25;;;;;;;;
Norway;13;186;385;13H14;Hundseid;1930-10-20;1932-03-14;1933-03-03;354;0;0;1;0;0;0;1;150;Sp;25;0.1666666666666667;Sp;;;;;;;;;702;;;;;;;;;25;;;;;;;;
Norway;13;186;385;13H15;Mowinckel V;1930-10-20;1933-03-03;1933-10-16;227;0;0;1;0;0;0;1;150;V;33;0.22;V;;;;;;;;;647;;;;;;;;;33;;;;;;;;
Norway;13;186;385;13H16;Mowinckel VI;1933-10-16;1933-10-16;1935-03-20;520;0;0;1;0;0;0;1;150;V;24;0.16;V;;;;;;;;;647;;;;;;;;;24;;;;;;;;
Norway;13;186;385;13H17;Nygaardsvold I;1933-10-16;1935-03-20;1936-10-19;579;0;0;1;0;0;0;1;150;DNA;69;0.46;DNA;;;;;;;;;104;;;;;;;;;69;;;;;;;;
Norway;13;186;385;13H18;Nygaardsvold II;1936-10-19;1936-10-19;1940-07-06;1356;0;0;1;0;0;0;1;150;DNA;70;0.4666666666666667;DNA;;;;;;;;;104;;;;;;;;;70;;;;;;;;
Norway;13;186;385;13H19;Gerhardsen I;1936-10-19;1945-06-25;1945-10-08;105;;;6;1;1;1;4;150;DNA;147;0.98;DNA;H;V;Sp;Hf;NKP;;;;104;1435;647;702;17;27;;;;70;36;23;18;0;0;;;
Norway;13;186;385;13H20;Gerhardsen II;1945-10-08;1945-11-05;1949-10-10;1435;28;28;1;0;1;0;2;150;DNA;76;0.5066666666666667;DNA;;;;;;;;;104;;;;;;;;;76;;;;;;;;
Sweden;16;5;380;16H1;Branting I;1917-09-16;1920-03-10;1920-09-17;191;4;4;1;0;0;0;1;217;SAP;86;0.3963133640552995;SAP;;;;;;;;;904;;;;;;;;;86;;;;;;;;
Sweden;16;5;380;16H2;De Geer;1920-09-17;1920-10-27;1921-02-23;119;40;40;1;0;0;0;5;228;none;0;0;;;;;;;;;;;;;;;;;;;;;;;;;;;
Sweden;16;5;380;16H3;von Sydow;1920-09-17;1921-02-23;1921-09-26;215;0;0;1;0;0;0;5;228;none;0;0;;;;;;;;;;;;;;;;;;;;;;;;;;;
Sweden;16;5;380;16H4;Branting II;1921-09-26;1921-10-13;1923-04-06;540;17;17;1;0;0;0;1;230;SAP;93;0.4043478260869565;SAP;;;;;;;;;904;;;;;;;;;93;;;;;;;;
Sweden;16;5;380;16H5;Trygger;1921-09-26;1923-04-19;1924-09-21;521;13;13;1;0;0;0;1;230;M;62;0.2695652173913043;M;;;;;;;;;657;;;;;;;;;62;;;;;;;;
Sweden;16;5;380;16H6;Branting III;1924-09-21;1924-10-18;1925-01-24;98;27;27;1;0;0;0;1;230;SAP;104;0.4521739130434783;SAP;;;;;;;;;904;;;;;;;;;104;;;;;;;;
Sweden;16;5;380;16H7;Sandler;1924-09-21;1925-01-24;1926-06-02;494;0;0;1;0;0;0;1;230;SAP;104;0.4521739130434783;SAP;;;;;;;;;904;;;;;;;;;104;;;;;;;;
Sweden;16;5;380;16H8;Ekman I;1924-09-21;1926-06-07;1928-09-15;831;5;5;2;1;0;0;1;230;FP;33;0.1434782608695652;FP;SLP;;;;;;;;892;2477;;;;;;;;28;5;;;;;;;
Sweden;16;5;380;16H9;Lindman;1928-09-21;1928-10-02;1930-06-02;608;17;11;1;0;0;0;1;230;M;73;0.3173913043478261;M;;;;;;;;;657;;;;;;;;;73;;;;;;;;
Sweden;16;5;380;16H10;Ekman II;1928-09-21;1930-06-07;1932-08-06;791;5;5;1;0;0;0;1;230;FP;28;0.1217391304347826;FP;;;;;;;;;892;;;;;;;;;28;;;;;;;;
Sweden;16;5;380;16H11;Hamrin;1928-09-21;1932-08-06;1932-09-18;43;0;0;1;0;0;0;1;230;FP;28;0.1217391304347826;FP;;;;;;;;;892;;;;;;;;;28;;;;;;;;
Sweden;16;5;380;16H12;Hansson I;1932-09-18;1932-09-24;1936-06-15;1360;6;6;1;0;0;0;1;230;SAP;104;0.4521739130434783;SAP;;;;;;;;;904;;;;;;;;;104;;;;;;;;
Sweden;16;5;380;16H13;Pehrsson;1932-09-18;1936-06-19;1936-09-20;93;4;4;1;0;0;0;1;230;C;36;0.1565217391304348;C;;;;;;;;;1461;;;;;;;;;36;;;;;;;;
Sweden;16;5;380;16H14;Hansson II;1936-09-20;1936-09-28;1939-12-13;1171;8;8;2;1;1;0;3;230;SAP;148;0.6434782608695652;SAP;C;;;;;;;;904;1461;;;;;;;;112;36;;;;;;;
Sweden;16;5;380;16H15;Hansson III;1936-09-20;1939-12-13;1940-09-15;277;0;0;4;1;1;1;4;230;SAP;219;0.9521739130434783;SAP;M;C;FP;;;;;;904;657;1461;892;;;;;;112;44;36;27;;;;;
Sweden;16;5;380;16H16;Hansson IV;1940-09-15;1940-09-15;1944-09-17;1463;0;0;4;1;1;1;4;230;SAP;227;0.9869565217391304;SAP;M;C;FP;;;;;;904;657;1461;892;;;;;;134;42;28;23;;;;;
Sweden;16;5;380;16H17;Hansson V;1944-09-17;1944-09-17;1945-07-31;317;0;0;4;1;1;1;4;230;SAP;215;0.9347826086956522;SAP;M;C;FP;;;;;;904;657;1461;892;;;;;;115;39;35;26;;;;;
Czechoslovakia;20;157;315;20H2;Tusar II;1920-04-25;1920-05-25;1920-09-16;115;0;0;3;1;0;0;1;281;CSSD;52;0,185053381;CSSD;RSZML;CSNS;;;;;;;;;;;;;;;;0;28;24;;;;;;
Czechoslovakia;20;157;315;20H3;Černý I;1920-04-25;1920-09-16;1921-09-27;377;0;0;3;1;0;0;1;281;Independent;59;0,209964413;CND;RSZML;SNS;;;;;;;;;;;;;;;;19;28;12;;;;;;
Czechoslovakia;20;157;315;20H4;Beneš I;1920-04-25;1921-09-27;1922-10-07;376;0;0;5;1;0;0;1;281;Independent;104;0,370106762;CSNS;CSL;RSZML;CSSD;CND;;;;;;;;;;;;;;24;33;28;0;19;;;;
Czechoslovakia;20;157;315;20H5;Švehla I;1920-04-25;1922-10-07;1925-12-09;1160;0;0;5;1;0;0;1;281;RSZML;104;0,370106762;RSZML;CSNS;CSSD;CSL;CND;;;;;;;;;;;;;;28;24;0;33;19;;;;
Czechoslovakia;20;157;315;20H6;Švehla II;1925-11-15;1925-12-09;1926-03-19;101;0;0;6;1;0;0;1;300;RSZML;130;0,433333333;RSZML;CSNS;CSSD;CSL;CND;CZOS;;;;;;;;;;;;;45;28;0;31;13;13;;;
Czechoslovakia;20;157;315;20H7;Černý II;1925-11-15;1926-03-19;1926-10-13;209;0;0;2;1;0;0;1;300;Independent;73;0,243333333;CSNS;RSZML;;;;;;;;;;;;;;;;;28;45;;;;;;;
Czechoslovakia;20;157;315;20H8;Švehla III;1925-11-15;1926-10-13;1929-02-01;843;0;0;7;1;1;0;1;300;RSZML;162;0,54;RSZML;CND;CSL;HSLS;BL;DCSVP;CZOS;;;;;;;;;;;;45;13;31;23;24;13;13;;
Czechoslovakia;20;157;315;20H9;Udržal I;1925-11-15;1929-02-01;1929-12-07;310;0;0;7;1;0;0;1;300;RSZML;149;0,496666667;RSZML;CND;CSL;HSLS;BL;DCSVP;CZOS;;;;;;;;;;;;45;13;31;23;24;13;;;
Czechoslovakia;20;157;315;20H10;Udržal II;1929-10-27;1929-12-07;1932-10-30;1059;0;0;8;1;1;1;3;300;RSZML;151;0,503333333;RSZML;CND;CSNS;CSSD;CSL;DSDAP;BL;CZOS;;;;;;;;;;;46;15;32;0;25;21;0;12;
Czechoslovakia;20;157;315;20H11;Malypetr I;1929-10-27;1932-10-30;1934-02-14;473;0;0;7;1;0;0;1;300;RSZML;139;0,463333333;RSZML;CND;CSNS;CSSD;CSL;DSDAP;BL;;;;;;;;;;;;46;15;32;0;25;21;0;;
Czechoslovakia;20;157;315;20H12;Malypetr II;1929-10-27;1934-02-14;1935-06-04;476;0;0;6;1;0;0;1;300;RSZML;124;0,413333333;RSZML;CSNS;CSSD;CSL;DSDAP;BL;;;;;;;;;;;;;46;32;0;25;21;0;;;
Czechoslovakia;20;157;315;20H13;Malypetr III;1935-05-19;1935-06-04;1935-11-05;155;0;0;7;1;0;0;1;300;RSZML;139;0,463333333;RSZML;CSNS;CSSD;CSL;DSDAP;BL;CZOS;;;;;;;;;;;;45;28;0;22;22;5;17;;
Czechoslovakia;20;157;315;20H14;Hodža I;1935-05-19;1935-11-05;1935-12-18;44;0;0;7;1;0;0;1;300;RSZML;139;0,463333333;RSZML;CSNS;CSSD;CSL;DSDAP;BL;CZOS;;;;;;;;;;;;45;28;0;22;22;5;17;;
Czechoslovakia;20;157;315;20H15;Hodža II;1935-05-19;1935-12-18;1937-07-21;582;0;0;8;1;0;0;1;300;RSZML;145;0,483333333;RSZML;CSNS;CSSD;CSL;DSDAP;BL;DCSVP;CZOS;;;;;;;;;;;45;28;0;22;22;5;6;17;
Czechoslovakia;20;157;315;20H16;Hodža III;1935-05-19;1937-07-21;1938-09-22;429;0;0;9;1;0;0;1;300;RSZML;134;0,446666667;RSZML;CSNS;CSSD;CSL;CZOS;NS;DSDAP;BL;DCSVP;;;;;;;;;;45;28;0;22;17;0;11;5;6
Czechoslovakia;20;157;315;20H17;Syrový I;1935-05-19;1938-09-22;1938-10-14;23;0;0;3;1;0;0;1;300;Independent;73;0,243333333;RSZML;CSNS;HSLS;;;;;;;;;;;;;;;;45;28;0;;;;;;
Czechoslovakia;20;157;315;20H18;Syrový I;1935-05-19;1938-10-14;1938-12-01;49;0;0;2;1;0;0;1;300;Independent;73;0,243333333;RSZML;CSNS;;;;;;;;;;;;;;;;;45;28;;;;;;;
Czechoslovakia;20;157;315;20H19;Beran I;1935-05-19;1938-12-01;1939-03-15;105;0;0;1;0;0;0;1;300;SNJ;107;0,356666667;SNJ;;;;;;;;;;;;;;;;;;107;;;;;;;;
Greece;7;164;350;7H;Zaimis I;1926-11-07;1926-12-04;1927-08-17;256;0;0;4;1;1;1;4;286;Independent;237;0,828671329;LU;PP;FM;DU;;;;;;;;;;;;;;;108;60;52;17;;;;;
Greece;7;164;350;7H;Zaimis II;1926-11-07;1927-08-17;1928-02-08;175;0;0;3;1;1;1;4;286;Independent;177;0,618881119;LU;FM;DU;;;;;;;;;;;;;;;;108;52;17;;;;;;
Greece;7;164;350;7H;Zaimis III;1926-11-07;1928-02-08;1928-07-04;147;0;0;2;1;1;1;3;286;Independent;160;0,559440559;LU;FM;;;;;;;;;;;;;;;;;108;52;;;;;;;
Greece;7;164;350;7H;Venizelos I;1926-11-07;1928-07-04;1929-06-07;338;0;0;1;0;0;0;1;286;LU;108;0,377622378;LU;;;;;;;;;;;;;;;;;;108;;;;;;;;
Greece;7;164;350;7H;Venizelos II;1928-08-19;1929-06-07;1929-12-16;192;0;0;1;0;1;1;2;250;L;178;0,712;L;;;;;;;;;;;;;;;;;;178;;;;;;;;
Greece;7;164;350;7H;Venizelos III;1928-08-19;1929-12-16;1932-05-26;891;0;0;1;0;1;1;2;250;L;178;0,712;L;;;;;;;;;;;;;;;;;;178;;;;;;;;
Greece;7;164;350;7H;Papanastasiou I;1928-08-19;1932-05-26;1932-06-05;10;0;0;1;0;0;0;1;250;ALP;20;0,08;ALP;;;;;;;;;;;;;;;;;;20;;;;;;;;
Greece;7;164;350;7H;Venizelos IV;1928-08-19;1932-06-05;1932-11-04;152;0;0;1;0;1;1;2;250;L;178;0,712;L;;;;;;;;;;;;;;;;;;178;;;;;;;;
Greece;7;164;350;7H;Tsaldaris I;1932-09-25;1932-11-04;1933-01-16;73;0;0;3;1;0;0;1;254;P;102;0,401574803;P;FM;NR;;;;;;;;;;;;;;;;95;2;5;;;;;;
Greece;7;164;350;7H;Venizelos V;1932-09-25;1933-01-16;1933-03-06;49;0;0;4;1;0;0;1;254;L;123;0,484251969;L;ALP;Pr;CD;;;;;;;;;;;;;;;101;8;14;0;;;;;
Greece;7;164;350;7H;Othonaios I;1932-09-25;1933-03-06;1933-03-10;4;0;0;0;0;0;0;5;254;Military;0;0;;;;;;;;;;;;;;;;;;;;;;;;;;;
Greece;7;164;350;7H;Tsaldaris II;1933-03-05;1933-03-10;1935-10-10;944;0;0;3;1;1;1;4;248;PP;209;0,842741935;PP;L;NR;;;;;;;;;;;;;;;;118;80;11;;;;;;
Estonia;21;161;366;21H2;Strandman I;1919-04-05;1919-05-09;1919-11-18;193;0;0;3;1;1;1;4;120;ETE;96;0,8;ETE;ESDTP;ERE;;;;;;;;;;;;;;;;30;41;25;;;;;;
Estonia;21;161;366;21H3;Tönisson I;1919-04-05;1919-11-18;1920-07-28;254;0;0;3;1;1;1;4;120;ERE;96;0,8;ERE;ESDTP;ETE;;;;;;;;;;;;;;;;25;41;30;;;;;;
Estonia;21;161;366;21H4;Birk I;1919-04-05;1920-07-28;1920-07-30;3;0;0;3;1;0;0;1;120;ERE;60;0,5;ERE;ETE;KRE;;;;;;;;;;;;;;;;25;30;5;;;;;;
Estonia;21;161;366;21H5;Tönisson II;1919-04-05;1920-07-30;1920-10-26;89;0;0;2;1;0;0;1;120;ERE;30;0,25;ERE;KRE;;;;;;;;;;;;;;;;;25;5;;;;;;;
Estonia;21;161;366;21H6;Piip I;1919-04-05;1920-10-26;1921-01-25;92;0;0;1;0;0;0;1;120;ETE;30;0,25;ETE;;;;;;;;;;;;;;;;;;30;;;;;;;;
Estonia;21;161;366;21H7;Päts IV;1920-11-27;1921-01-25;1922-11-21;666;0;0;4;1;1;1;3;100;PK;60;0,6;PK;ETE;ERE;KRE;;;;;;;;;;;;;;;21;22;10;7;;;;;
Estonia;21;161;366;21H8;Kukk I;1920-11-27;1922-11-21;1923-08-02;255;0;0;3;1;1;1;3;100;ETE;53;0,53;ETE;PK;ERE;;;;;;;;;;;;;;;;22;21;10;;;;;;
Estonia;21;161;366;21H9;Päts V;1923-05-05;1923-08-02;1924-03-26;238;0;0;4;1;1;1;3;100;PK;51;0,51;PK;ERE;KRE;ETE;;;;;;;;;;;;;;;23;8;8;12;;;;;
Estonia;21;161;366;21H10;Akel I;1923-05-05;1924-03-26;1924-12-16;266;0;0;3;1;0;0;1;100;ERE;28;0,28;ERE;KRE;ETE;;;;;;;;;;;;;;;;8;8;12;;;;;;
Estonia;21;161;366;21H11;Jaakson I;1923-05-05;1924-12-16;1925-12-15;365;0;0;5;1;1;1;3;100;ERE;66;0,66;ERE;PK;ESDTP;ETE;KRE;;;;;;;;;;;;;;8;23;15;12;8;;;;
Estonia;21;161;366;21H12;Teemant I;1923-05-05;1925-12-15;1926-07-23;221;0;0;5;1;0;0;1;100;PK;51;0,51;PK;ETE;KRE;AS;RVP;;;;;;;;;;;;;;23;12;8;4;4;;;;
Estonia;21;161;366;21H13;Teemant II;1926-05-15;1926-07-23;1927-03-04;225;0;0;5;1;1;1;3;100;PK;56;0,56;PK;AS;ERE;KRE;KOMM;;;;;;;;;;;;;;23;14;8;5;6;;;;
Estonia;21;161;366;21H14;Teemant III;1926-05-15;1927-03-04;1927-12-09;281;0;0;5;1;1;1;3;100;PK;56;0,56;PK;AS;ERE;KRE;KOMM;;;;;;;;;;;;;;23;14;8;5;6;;;;
Estonia;21;161;366;21H15;Tönisson III;1926-05-15;1927-12-09;1928-12-04;362;0;0;4;1;1;1;3;100;ERE;58;0,58;ERE;PK;AS;ETE;;;;;;;;;;;;;;;8;23;14;13;;;;;
Estonia;21;161;366;21H16;Rei I;1926-05-15;1928-12-04;1929-07-09;218;0;0;4;1;1;1;3;100;ESTP;56;0,56;ESTP;AS;ETE;KRE;;;;;;;;;;;;;;;24;14;13;5;;;;;
Estonia;21;161;366;21H17;Strandman II;1929-05-21;1929-07-09;1931-02-12;548;0;0;5;1;1;1;4;100;ETE;61;0,61;ETE;PK;AS;ERE;KRE;;;;;;;;;;;;;;10;24;14;9;4;;;;
Estonia;21;161;366;21H18;Päts VI;1929-05-21;1931-02-12;1932-02-19;373;0;0;3;1;1;1;3;100;PK;58;0,58;PK;ESTP;ERE;;;;;;;;;;;;;;;;24;25;9;;;;;;
Estonia;21;161;366;21H19;Teemant IV;1929-05-21;1932-02-19;1932-07-19;152;0;0;2;1;0;0;1;100;ÜPE;33;0,33;ÜPE;RKE;;;;;;;;;;;;;;;;;24;9;;;;;;;
Estonia;21;161;366;21H20;Eenpalu I;1932-05-21;1932-07-19;1932-11-01;106;0;0;2;1;0;0;1;100;ÜPE;23;0,23;ÜPE;RKE;;;;;;;;;;;;;;;;;0;23;;;;;;;
Estonia;21;161;366;21H21;Päts VII;1932-05-21;1932-11-01;1933-05-18;199;0;0;3;1;1;1;3;100;ÜPE;65;0,65;ÜPE;RKE;ESTP;;;;;;;;;;;;;;;;0;23;42;;;;;;
Estonia;21;161;366;21H22;Tönisson IV;1932-05-21;1933-05-18;1933-10-21;157;0;0;2;1;1;1;3;100;RKE;65;0,65;RKE;AVK;;;;;;;;;;;;;;;;;23;42;;;;;;;
Latvia;23;84;367;23H1;Ulmanis I;1920-04-17;1920-06-12;1921-06-18;371;0;0;3;1;0;0;1;150;LZS;38;0,253333333;LZS;DS;LDP;;;;;;;;;;;;;;;;26;6;6;;;;;;
Latvia;23;84;367;23H2;Meierovics I;1920-04-17;1921-06-19;1922-07-20;396;1;0;4;1;0;0;1;150;LZS;26;0,173333333;LZS;DC;MP;LTP;;;;;;;;;;;;;;;26;0;0;0;;;;;
Latvia;23;84;367;23H3;Meierovics II;1920-04-17;1922-07-20;1923-01-26;191;0;0;3;1;0;0;1;150;LZS;32;0,213333333;LZS;MP;LDP;;;;;;;;;;;;;;;;26;0;6;;;;;;
Latvia;23;84;367;23H4;Pauļuks I;1922-10-07;1923-01-27;1923-06-27;152;1;0;5;1;1;1;4;100;Independent;56;0,56;LZS;LSDSP;DC;LJS;MP;;;;;;;;;;;;;;17;30;6;3;0;;;;
Latvia;23;84;367;23H5;Meierovics III;1922-10-07;1923-06-28;1924-01-26;213;1;0;5;1;1;1;4;100;LZS;56;0,56;LZS;LSDSP;DC;LJS;MP;;;;;;;;;;;;;;17;30;6;3;0;;;;
Latvia;23;84;367;23H6;Zāmuēls;1922-10-07;1924-01-27;1924-12-18;327;1;0;3;1;0;0;1;100;Independent;13;0,13;BNC;DC;LJS;;;;;;;;;;;;;;;;4;6;3;;;;;;
Latvia;23;84;367;23H7;Celmiņš I;1922-10-07;1924-12-19;1925-12-23;370;1;0;4;1;0;0;1;100;LZS;26;0,26;LZS;DC;MP;LJS;;;;;;;;;;;;;;;17;6;0;3;;;;;
Latvia;23;84;367;23H8;Ulmanis II;1925-10-03;1925-12-24;1926-05-06;134;1;0;5;1;0;0;1;100;LZS;24;0,24;LZS;LJSP;LJS;LZP;NA;;;;;;;;;;;;;;16;0;3;2;3;;;;
Latvia;23;84;367;23H9;Alberings I;1925-10-03;1926-05-07;1926-12-18;226;1;0;5;1;0;0;1;100;LZS;27;0,27;LZS;DC;LJSP;LJS;LZP;;;;;;;;;;;;;;16;5;0;3;3;;;;
Latvia;23;84;367;23H10;Skujenieks I;1925-10-03;1926-12-19;1928-01-23;401;1;0;5;1;0;0;1;100;SDML;40;0,4;LSDSP;MP;LPP;DC;LJS;;;;;;;;;;;;;;32;0;0;5;3;;;;
Latvia;23;84;367;23H11;Juraševskis I;1925-10-03;1928-01-24;1928-11-30;312;1;0;4;1;0;0;1;100;DC;23;0,23;DC;LZS;LZP;VRP/ DbRP;;;;;;;;;;;;;;;5;16;2;0;;;;;
Latvia;23;84;367;23H12;Celmiņš II;1928-10-06;1928-12-01;1931-03-26;846;1;0;7;1;0;0;1;100;LZS;22;0,22;LZS;DC;LJSP;LDZA;LA;KNP;VRP/DbRP;;;;;;;;;;;;16;3;0;3;0;0;0;;
Latvia;23;84;367;23H13;Ulmanis III;1928-10-06;1931-03-27;1931-12-05;254;1;0;7;1;0;0;1;100;LZS;22;0,22;LZS;LJSP;LDZA;NA;MKRA;LKZP;LPP;;;;;;;;;;;;16;0;3;2;1;0;0;;
Latvia;23;84;367;23H14;Skujenieks II;1931-10-03;1931-12-06;1933-03-23;474;1;0;5;1;0;0;1;100;PA;28;0,28;PA;DC;LZS;LZPA;LJSP;;;;;;;;;;;;;;3;6;14;5;0;;;;
Lithuania;24;173;368;24H1;Grinius I;1920-04-14;1920-06-19;1922-01-18;578;4;4;4;1;1;1;3;112;LVS;62;0,553571429;LVS;LKPD;LSDP;ZDS;;;;;;;;;;;;;;;19;24;13;6;;;;;
Lithuania;24;173;368;24H2;Galvanauskas I;1920-04-14;1922-02-02;1923-02-22;385;15;15;3;1;0;0;1;112;LVS;43;0,383928571;LVS;LKPD;TPP;;;;;;;;;;;;;;;;19;24;0;;;;;;
Lithuania;24;173;368;24H3;Galvanauskas II;1922-10-10;1923-02-22;1923-06-28;126;0;0;3;1;0;0;1;78;LVS;29;0,371794872;LVS;LKPD;TPP;;;;;;;;;;;;;;;;14;15;0;;;;;;
Lithuania;24;173;368;24H4;Galvanauskas III;1923-05-12;1923-06-29;1924-06-17;354;0;0;3;1;0;0;1;78;LVS;29;0,371794872;LVS;LKPD;TPP;;;;;;;;;;;;;;;;14;15;0;;;;;;
Lithuania;24;173;368;24H5;Tuménas I;1923-05-12;1924-06-18;1925-01-27;223;0;0;3;1;0;0;1;78;LKPD;30;0,384615385;LKDP;LVLS;TPP;;;;;;;;;;;;;;;;14;16;0;;;;;;
Poland;26;17;290;26H1;Skulski I;1919-01-26;1919-12-13;1920-06-09;179;4;4;6;1;1;1;4;394;NZL;245;0,621827411;NZL;ZLN;PSL (P);PSL (W);SPK;NPR;;;;;;;;;;;;;0;140;46;59;0;0;;;
Poland;26;17;290;26H2;Grabski I;1919-01-26;1920-06-23;1920-07-24;31;14;14;3;1;1;1;4;394;ZLN;245;0,621827411;ZLN;PSL (P);PSL (W);;;;;;;;;;;;;;;;140;46;59;;;;;;
Poland;26;17;290;26H3;Witos I;1919-01-26;1920-07-24;1921-09-13;416;0;0;9;1;1;1;4;394;PSL (P);280;0,710659898;PSL (P);PPS;ZLN;PSL (W);SPN;NPR;ChD;ZM;NZL;;;;;;;;;;46;35;140;59;0;0;0;0;0
Poland;26;17;290;26H4;Ponikowski I;1919-01-26;1921-09-19;1922-03-05;167;6;6;3;1;0;0;1;394;ChD;0;0;ChD;SPN;NZL;;;;;;;;;;;;;;;;0;0;0;;;;;;
Poland;26;17;290;26H5;Ponikowski II;1919-01-26;1922-03-10;1922-06-06;88;5;5;2;1;0;0;1;394;ChD;0;0;ChD;SPN;;;;;;;;;;;;;;;;;0;0;;;;;;;
Poland;26;17;290;26H6;Śliwiński I;1919-01-26;1922-06-28;1922-07-07;9;22;22;2;1;0;0;1;394;Independent;46;0,116751269;PSL (P);ChD;;;;;;;;;;;;;;;;;46;0;;;;;;;
Poland;26;17;290;26H7;Nowak I;1919-01-26;1922-07-31;1922-12-14;136;24;24;1;0;0;0;1;394;SPN;0;0;SPN;;;;;;;;;;;;;;;;;;0;;;;;;;;
Poland;26;17;290;26H8;Sikorski I;1922-11-05;1922-12-16;1923-05-26;149;2;2;1;0;0;0;1;444;SPN;0;0;SPN;;;;;;;;;;;;;;;;;;0;;;;;;;;
Poland;26;17;290;26H9;Witos II;1922-11-05;1923-05-28;1923-12-14;200;2;2;5;1;0;0;1;444;PSL (P);88;0,193693694;PSL (P);ZLN;PSChD;ChNSR;NPR;;;;;;;;;;;;;;70;0;0;0;18;;;;
Poland;26;17;290;26H10;Grabski II;1922-11-05;1923-12-19;1925-11-14;696;5;5;5;1;0;0;1;444;ZLN;119;0,268018018;PSL (P);ChNSP;ZLN;PSL (W);SPN;;;;;;;;;;;;;;70;0;0;49;0;;;;
Portugal;14;21;235;14H1;Relvas I;1918-04-28;1919-01-27;1919-03-30;62;0;0;3;1;0;0;1;155;Independent;0;0;Dem;Evol;Un;;;;;;;;;;;;;;;;0;0;0;;;;;;
Portugal;14;21;235;14H2;Pereira I;1918-04-28;1919-03-30;1919-06-30;92;0;0;3;1;0;0;1;155;Independent;0;0;Dem;Evol;Un;;;;;;;;;;;;;;;;0;0;0;;;;;;
Portugal;14;21;235;14H3;de Sá Cardoso I;1919-05-11;1919-06-30;1920-01-15;199;0;0;3;1;1;1;4;163;Dem;141;0,865030675;Dem;Evol;Un;;;;;;;;;;;;;;;;86;38;17;;;;;;
Portugal;14;21;235;14H4;Fernandes Costa I;1919-05-11;1920-01-15;1920-01-15;0;0;0;1;0;0;0;1;163;Lib;0;0;;;;;;;;;;;;;;;;;;;;;;;;;;;
Portugal;14;21;235;14H5;de Sá Cardoso II;1919-05-11;1920-01-15;1920-01-21;6;0;0;3;1;1;1;4;163;Dem;141;0,865030675;Dem;Evol;Un;;;;;;;;;;;;;;;;86;38;17;;;;;;
Portugal;14;21;235;14H6;Pereira II;1919-05-11;1920-01-21;1920-03-08;47;0;0;3;1;1;1;4;163;Independent;141;0,865030675;Dem;Evol;Un;;;;;;;;;;;;;;;;86;38;17;;;;;;
Portugal;14;21;235;14H7;Baptista I;1919-05-11;1920-03-08;1920-06-06;90;0;0;3;1;1;1;4;163;Dem;141;0,865030675;Dem;Evol;Un;;;;;;;;;;;;;;;;86;38;17;;;;;;
Portugal;14;21;235;14H8;Preto I;1919-05-11;1920-06-06;1920-06-26;20;0;0;3;1;1;1;4;163;Dem;141;0,865030675;Dem;Evol;Un;;;;;;;;;;;;;;;;86;38;17;;;;;;
Portugal;14;21;235;14H9;da Silva I;1919-05-11;1920-06-26;1920-07-19;23;0;0;3;1;1;1;4;163;Dem;94;0,576687117;Dem;Soc;PPD;;;;;;;;;;;;;;;;86;8;0;;;;;;
Portugal;14;21;235;14H10;Granjo I;1919-05-11;1920-07-19;1920-11-20;124;0;0;3;1;1;1;4;163;Lib;86;0,527607362;Lib;Dem;Rec;;;;;;;;;;;;;;;;0;86;0;;;;;;
Portugal;14;21;235;14H11;de Castro I;1919-05-11;1920-11-20;1920-11-30;10;0;0;3;1;1;1;4;163;Rec;94;0,576687117;Rec;Dem;Soc;;;;;;;;;;;;;;;;0;86;8;;;;;;
Portugal;14;21;235;14H12;Pinto I;1919-05-11;1920-11-30;1921-03-02;92;0;0;3;1;1;1;4;163;Dem;86;0,527607362;Dem;Rec;PPD;;;;;;;;;;;;;;;;86;0;0;;;;;;
Portugal;14;21;235;14H13;Machado I;1919-05-11;1921-03-02;1921-05-23;82;0;0;3;1;1;1;4;163;Dem;86;0,527607362;Dem;Rec;PPD;;;;;;;;;;;;;;;;86;0;0;;;;;;
Portugal;14;21;235;14H14;de Barros Queirós I;1919-05-11;1921-05-23;1921-08-30;99;0;0;4;1;1;1;4;163;Lib;141;0,865030675;Lib;Dem;Evol;Un;;;;;;;;;;;;;;;0;86;38;17;;;;;
Portugal;14;21;235;14H15;Granjo II;1921-07-10;1921-08-30;1921-10-19;50;0;0;2;1;1;0;3;163;Lib;133;0,81595092;Lib;Dem;;;;;;;;;;;;;;;;;79;54;;;;;;;
Portugal;14;21;235;14H16;Coelho I;1921-07-10;1921-10-19;1921-11-05;17;0;0;1;0;0;0;1;163;Independent;54;0,331288344;Dem;;;;;;;;;;;;;;;;;;54;;;;;;;;
Portugal;14;21;235;14H17;Maia Pinto I;1921-07-10;1921-11-05;1921-12-16;41;0;0;1;0;0;0;1;163;Independent;54;0,331288344;Dem;;;;;;;;;;;;;;;;;;54;;;;;;;;
Portugal;14;21;235;14H18;da Cunha Leal;1921-07-10;1921-12-16;1922-02-07;53;0;0;1;1;1;1;3;163;Independent;133;0,81595092;Dem;Lib;;;;;;;;;;;;;;;;;54;79;;;;;;;
Portugal;14;21;235;14H19;da Silva II;1922-01-29;1922-02-07;1923-11-15;646;0;0;2;0;0;0;1;163;Dem;74;0,45398773;Dem;;;;;;;;;;;;;;;;;;74;;;;;;;;
Portugal;14;21;235;14H20;Ginestal Machado I;1922-01-29;1923-11-15;1923-12-18;33;0;0;1;1;0;0;1;163;PNRep;74;0,45398773;PNRep;Dem;;;;;;;;;;;;;;;;;0;74;;;;;;;
Portugal;14;21;235;14H21;de Castro II;1922-01-29;1923-12-18;1924-07-07;202;0;0;2;0;0;0;1;163;Independent;0;0;PNRep;;;;;;;;;;;;;;;;;;0;;;;;;;;
Portugal;14;21;235;14H22;Gaspar I;1922-01-29;1924-07-07;1924-11-22;138;0;0;1;1;0;0;1;163;Dem;74;0,45398773;Dem;PNRep;;;;;;;;;;;;;;;;;74;0;;;;;;;
Portugal;14;21;235;14H23;dos Santos I;1922-01-29;1924-11-22;1925-02-15;85;0;0;2;1;0;0;1;163;ED;74;0,45398773;ED;Dem;;;;;;;;;;;;;;;;;0;74;;;;;;;
Portugal;14;21;235;14H24;Guimarães I;1922-01-29;1925-02-15;1925-07-01;136;0;0;2;0;0;0;1;163;Dem;74;0,45398773;Dem;;;;;;;;;;;;;;;;;;74;;;;;;;;
Portugal;14;21;235;14H25;da Silva III;1922-01-29;1925-07-01;1925-08-01;31;0;0;1;0;0;0;1;163;Dem;74;0,45398773;Dem;;;;;;;;;;;;;;;;;;74;;;;;;;;
Portugal;14;21;235;14H26;Pereira III;1922-01-29;1925-08-01;1925-12-18;139;0;0;1;0;0;0;1;163;Dem;74;0,45398773;Dem;;;;;;;;;;;;;;;;;;74;;;;;;;;
Portugal;14;21;235;14H27;da Silva IV;1925-11-08;1925-12-18;1926-05-30;163;0;0;1;0;1;1;1;163;Dem;83;0,509202454;Dem;;;;;;;;;;;;;;;;;;83;;;;;;;;
Spain;15;96;230;15H127;Alcalá-Zamora I;1931-06-28;1931-04-14;1931-10-14;183;0;0;7;1;1;1;4;470;DLR/ PRP;336;0,714893617;DLR/ PRP;PSOE;PR;PRS;AR;ORGA;PRC;;;;;;;;;;;;22;115;94;59;28;16;2;;
Spain;15;96;230;15H2;Azaña I;1931-06-28;1931-10-14;1931-12-11;58;0;0;6;1;1;1;4;470;AR;314;0,668085106;AR;PSOE;PR;PRS;ORGA;PCR;;;;;;;;;;;;;28;115;94;59;16;2;;;
Spain;15;96;230;15H3;Azaña II;1931-06-28;1931-12-16;1933-06-12;544;5;5;5;1;1;1;3;470;AR;249;0,529787234;AR;PSOE;PRS;ERC;ORGA;;;;;;;;;;;;;;28;115;59;31;16;;;;
Spain;15;96;230;15H4;Azaña III;1931-06-28;1933-06-12;1933-09-12;92;0;0;6;1;1;1;4;470;AR;251;0,534042553;AR;PSOE;PRS;ERC;RG;PF;;;;;;;;;;;;;28;115;59;31;1;17;;;
Spain;15;96;230;15H5;Lerroux I;1931-06-28;1933-09-12;1933-10-03;26;0;0;6;1;0;0;1;470;PR;228;0,485106383;PR;PRS;ERC;AR ;ORGA;IR;;;;;;;;;;;;;94;59;31;28;16;0;;;
Spain;15;96;230;15H6;Martínez Barrio I;1931-06-28;1933-10-03;1933-12-16;69;0;0;7;1;1;1;4;470;PR;250;0,531914894;PR;PRS;ERC;AR ;ORGA;PRP;IR;;;;;;;;;;;;94;59;31;28;16;22;0;;
Spain;15;96;230;15H7;Lerroux II;1933-11-19;1933-12-16;1934-03-03;77;0;0;5;1;0;0;1;472;PR;158;0,334745763;PR;PA;PRP;PRLD;FRG;;;;;;;;;;;;;;104;36;18;0;0;;;;
Spain;15;96;230;15H8;Lerroux III;1933-11-19;1934-03-03;1934-04-28;56;0;0;5;1;0;0;1;472;PR;158;0,334745763;PR;PA;PRP;PRLD;FRG;;;;;;;;;;;;;;104;36;18;;0;;;;
Spain;15;96;230;15H9;Samper I;1933-11-19;1934-04-28;1934-10-04;159;0;0;5;1;0;0;1;472;PR;158;0,334745763;PR;PA;PRP;PRLD;FRG;;;;;;;;;;;;;;104;36;18;;0;;;;
Spain;15;96;230;15H10;Lerroux IV;1933-11-19;1934-10-04;1935-04-03;181;0;0;4;1;1;1;3;472;PR;255;0,540254237;PR;CEDA;PA;PRLD;;;;;;;;;;;;;;;104;115;36;;;;;;
Spain;15;96;230;15H11;Lerroux V;1933-11-19;1935-04-03;1935-06-06;64;0;0;2;1;0;0;1;472;PR;122;0,258474576;PR;PRP;;;;;;;;;;;;;;;;;104;18;;;;;;;
Spain;15;96;230;15H12;Lerroux VI;1933-11-19;1935-06-06;1935-09-25;111;0;0;4;1;1;1;3;472;PR;255;0,540254237;PR;CEDA;PA;PRLD;;;;;;;;;;;;;;;104;115;36;;;;;;
Spain;15;96;230;15H13;Chapaprieta I;1933-11-19;1935-09-25;1935-10-29;34;0;0;4;1;1;1;3;472;Independent;279;0,591101695;CEDA;PR;PA;LR;;;;;;;;;;;;;;;115;104;36;24;;;;;
Spain;15;96;230;15H14;Chapaprieta II;1933-11-19;1935-10-29;1935-12-14;46;0;0;4;1;1;1;3;472;Independent;279;0,591101695;CEDA;PR;PA;LR;;;;;;;;;;;;;;;115;104;36;24;;;;;
Spain;15;96;230;15H15;Portela I;1933-11-19;1935-12-14;1935-12-30;16;0;0;5;1;0;0;1;472;Independent;182;0,38559322;PR;PA;LR;PRP;PRLD;;;;;;;;;;;;;;104;36;24;18;0;;;;
Spain;15;96;230;15H16;Portela II;1933-11-19;1935-12-30;1936-02-19;51;0;0;2;1;0;0;1;472;PCD;18;0,038135593;PCD;PRP;;;;;;;;;;;;;;;;;0;18;;;;;;;